[
    {
        "outputFile": "D:\\Project Work\\Call recorder\\CallRecorder\\app\\build\\intermediates\\incremental\\mergeDebugResources\\merged.dir\\values-v17\\values-v17.xml",
        "map": [
            {
                "to": {
                    "startLine": 2,
                    "startColumn": 4,
                    "startOffset": 55,
                    "endLine": 4,
                    "endColumn": 12,
                    "endOffset": 223
                },
                "from": {
                    "file": "C:\\Users\\VIJAY\\.android\\build-cache\\95f3ac9d8d29c858841e3e7390a95721f395d906\\output\\res\\values-v17\\values-v17.xml",
                    "position": {
                        "startLine": 2,
                        "startColumn": 4,
                        "startOffset": 55,
                        "endLine": 4,
                        "endColumn": 12,
                        "endOffset": 223
                    }
                }
            },
            {
                "to": {
                    "startLine": 5,
                    "startColumn": 4,
                    "startOffset": 228,
                    "endLine": 8,
                    "endColumn": 12,
                    "endOffset": 451
                },
                "from": {
                    "file": "C:\\Users\\VIJAY\\.android\\build-cache\\95f3ac9d8d29c858841e3e7390a95721f395d906\\output\\res\\values-v17\\values-v17.xml",
                    "position": {
                        "startLine": 5,
                        "startColumn": 4,
                        "startOffset": 228,
                        "endLine": 8,
                        "endColumn": 12,
                        "endOffset": 451
                    }
                }
            },
            {
                "to": {
                    "startLine": 9,
                    "startColumn": 4,
                    "startOffset": 456,
                    "endLine": 11,
                    "endColumn": 12,
                    "endOffset": 609
                },
                "from": {
                    "file": "C:\\Users\\VIJAY\\.android\\build-cache\\95f3ac9d8d29c858841e3e7390a95721f395d906\\output\\res\\values-v17\\values-v17.xml",
                    "position": {
                        "startLine": 9,
                        "startColumn": 4,
                        "startOffset": 456,
                        "endLine": 11,
                        "endColumn": 12,
                        "endOffset": 609
                    }
                }
            },
            {
                "to": {
                    "startLine": 12,
                    "startColumn": 4,
                    "startOffset": 614,
                    "endLine": 14,
                    "endColumn": 12,
                    "endOffset": 759
                },
                "from": {
                    "file": "C:\\Users\\VIJAY\\.android\\build-cache\\95f3ac9d8d29c858841e3e7390a95721f395d906\\output\\res\\values-v17\\values-v17.xml",
                    "position": {
                        "startLine": 12,
                        "startColumn": 4,
                        "startOffset": 614,
                        "endLine": 14,
                        "endColumn": 12,
                        "endOffset": 759
                    }
                }
            },
            {
                "to": {
                    "startLine": 15,
                    "startColumn": 4,
                    "startOffset": 764,
                    "endLine": 17,
                    "endColumn": 12,
                    "endOffset": 931
                },
                "from": {
                    "file": "C:\\Users\\VIJAY\\.android\\build-cache\\95f3ac9d8d29c858841e3e7390a95721f395d906\\output\\res\\values-v17\\values-v17.xml",
                    "position": {
                        "startLine": 15,
                        "startColumn": 4,
                        "startOffset": 764,
                        "endLine": 17,
                        "endColumn": 12,
                        "endOffset": 931
                    }
                }
            },
            {
                "to": {
                    "startLine": 18,
                    "startColumn": 4,
                    "startOffset": 936,
                    "endLine": 21,
                    "endColumn": 12,
                    "endOffset": 1159
                },
                "from": {
                    "file": "C:\\Users\\VIJAY\\.android\\build-cache\\95f3ac9d8d29c858841e3e7390a95721f395d906\\output\\res\\values-v17\\values-v17.xml",
                    "position": {
                        "startLine": 18,
                        "startColumn": 4,
                        "startOffset": 936,
                        "endLine": 21,
                        "endColumn": 12,
                        "endOffset": 1159
                    }
                }
            },
            {
                "to": {
                    "startLine": 22,
                    "startColumn": 4,
                    "startOffset": 1164,
                    "endLine": 25,
                    "endColumn": 12,
                    "endOffset": 1401
                },
                "from": {
                    "file": "C:\\Users\\VIJAY\\.android\\build-cache\\95f3ac9d8d29c858841e3e7390a95721f395d906\\output\\res\\values-v17\\values-v17.xml",
                    "position": {
                        "startLine": 22,
                        "startColumn": 4,
                        "startOffset": 1164,
                        "endLine": 25,
                        "endColumn": 12,
                        "endOffset": 1401
                    }
                }
            },
            {
                "to": {
                    "startLine": 26,
                    "startColumn": 4,
                    "startOffset": 1406,
                    "endLine": 28,
                    "endColumn": 12,
                    "endOffset": 1572
                },
                "from": {
                    "file": "C:\\Users\\VIJAY\\.android\\build-cache\\95f3ac9d8d29c858841e3e7390a95721f395d906\\output\\res\\values-v17\\values-v17.xml",
                    "position": {
                        "startLine": 26,
                        "startColumn": 4,
                        "startOffset": 1406,
                        "endLine": 28,
                        "endColumn": 12,
                        "endOffset": 1572
                    }
                }
            },
            {
                "to": {
                    "startLine": 29,
                    "startColumn": 4,
                    "startOffset": 1577,
                    "endLine": 31,
                    "endColumn": 12,
                    "endOffset": 1746
                },
                "from": {
                    "file": "C:\\Users\\VIJAY\\.android\\build-cache\\95f3ac9d8d29c858841e3e7390a95721f395d906\\output\\res\\values-v17\\values-v17.xml",
                    "position": {
                        "startLine": 29,
                        "startColumn": 4,
                        "startOffset": 1577,
                        "endLine": 31,
                        "endColumn": 12,
                        "endOffset": 1746
                    }
                }
            },
            {
                "to": {
                    "startLine": 32,
                    "startColumn": 4,
                    "startOffset": 1751,
                    "endLine": 34,
                    "endColumn": 12,
                    "endOffset": 1915
                },
                "from": {
                    "file": "C:\\Users\\VIJAY\\.android\\build-cache\\95f3ac9d8d29c858841e3e7390a95721f395d906\\output\\res\\values-v17\\values-v17.xml",
                    "position": {
                        "startLine": 32,
                        "startColumn": 4,
                        "startOffset": 1751,
                        "endLine": 34,
                        "endColumn": 12,
                        "endOffset": 1915
                    }
                }
            },
            {
                "to": {
                    "startLine": 35,
                    "startColumn": 4,
                    "startOffset": 1920,
                    "endLine": 38,
                    "endColumn": 12,
                    "endOffset": 2188
                },
                "from": {
                    "file": "C:\\Users\\VIJAY\\.android\\build-cache\\95f3ac9d8d29c858841e3e7390a95721f395d906\\output\\res\\values-v17\\values-v17.xml",
                    "position": {
                        "startLine": 35,
                        "startColumn": 4,
                        "startOffset": 1920,
                        "endLine": 38,
                        "endColumn": 12,
                        "endOffset": 2188
                    }
                }
            },
            {
                "to": {
                    "startLine": 39,
                    "startColumn": 4,
                    "startOffset": 2193,
                    "endLine": 41,
                    "endColumn": 12,
                    "endOffset": 2388
                },
                "from": {
                    "file": "C:\\Users\\VIJAY\\.android\\build-cache\\95f3ac9d8d29c858841e3e7390a95721f395d906\\output\\res\\values-v17\\values-v17.xml",
                    "position": {
                        "startLine": 39,
                        "startColumn": 4,
                        "startOffset": 2193,
                        "endLine": 41,
                        "endColumn": 12,
                        "endOffset": 2388
                    }
                }
            },
            {
                "to": {
                    "startLine": 42,
                    "startColumn": 4,
                    "startOffset": 2393,
                    "endLine": 45,
                    "endColumn": 12,
                    "endOffset": 2592
                },
                "from": {
                    "file": "C:\\Users\\VIJAY\\.android\\build-cache\\95f3ac9d8d29c858841e3e7390a95721f395d906\\output\\res\\values-v17\\values-v17.xml",
                    "position": {
                        "startLine": 42,
                        "startColumn": 4,
                        "startOffset": 2393,
                        "endLine": 45,
                        "endColumn": 12,
                        "endOffset": 2592
                    }
                }
            },
            {
                "to": {
                    "startLine": 46,
                    "startColumn": 4,
                    "startOffset": 2597,
                    "endLine": 49,
                    "endColumn": 12,
                    "endOffset": 2921
                },
                "from": {
                    "file": "C:\\Users\\VIJAY\\.android\\build-cache\\95f3ac9d8d29c858841e3e7390a95721f395d906\\output\\res\\values-v17\\values-v17.xml",
                    "position": {
                        "startLine": 46,
                        "startColumn": 4,
                        "startOffset": 2597,
                        "endLine": 49,
                        "endColumn": 12,
                        "endOffset": 2921
                    }
                }
            }
        ]
    },
    {
        "outputFile": "E:\\Android Studio\\Call recorders\\asfak\\CallRecorder\\app\\build\\intermediates\\incremental\\mergeDebugResources\\merged.dir\\values-v17\\values-v17.xml",
        "map": [
            {
                "to": {
                    "startLine": 2,
                    "startColumn": 4,
                    "startOffset": 55,
                    "endLine": 4,
                    "endColumn": 12,
                    "endOffset": 223
                },
                "from": {
                    "file": "C:\\Users\\ADMIN\\.android\\build-cache\\95f3ac9d8d29c858841e3e7390a95721f395d906\\output\\res\\values-v17\\values-v17.xml",
                    "position": {
                        "startLine": 2,
                        "startColumn": 4,
                        "startOffset": 55,
                        "endLine": 4,
                        "endColumn": 12,
                        "endOffset": 223
                    }
                }
            },
            {
                "to": {
                    "startLine": 5,
                    "startColumn": 4,
                    "startOffset": 228,
                    "endLine": 8,
                    "endColumn": 12,
                    "endOffset": 451
                },
                "from": {
                    "file": "C:\\Users\\ADMIN\\.android\\build-cache\\95f3ac9d8d29c858841e3e7390a95721f395d906\\output\\res\\values-v17\\values-v17.xml",
                    "position": {
                        "startLine": 5,
                        "startColumn": 4,
                        "startOffset": 228,
                        "endLine": 8,
                        "endColumn": 12,
                        "endOffset": 451
                    }
                }
            },
            {
                "to": {
                    "startLine": 9,
                    "startColumn": 4,
                    "startOffset": 456,
                    "endLine": 11,
                    "endColumn": 12,
                    "endOffset": 609
                },
                "from": {
                    "file": "C:\\Users\\ADMIN\\.android\\build-cache\\95f3ac9d8d29c858841e3e7390a95721f395d906\\output\\res\\values-v17\\values-v17.xml",
                    "position": {
                        "startLine": 9,
                        "startColumn": 4,
                        "startOffset": 456,
                        "endLine": 11,
                        "endColumn": 12,
                        "endOffset": 609
                    }
                }
            },
            {
                "to": {
                    "startLine": 12,
                    "startColumn": 4,
                    "startOffset": 614,
                    "endLine": 14,
                    "endColumn": 12,
                    "endOffset": 759
                },
                "from": {
                    "file": "C:\\Users\\ADMIN\\.android\\build-cache\\95f3ac9d8d29c858841e3e7390a95721f395d906\\output\\res\\values-v17\\values-v17.xml",
                    "position": {
                        "startLine": 12,
                        "startColumn": 4,
                        "startOffset": 614,
                        "endLine": 14,
                        "endColumn": 12,
                        "endOffset": 759
                    }
                }
            },
            {
                "to": {
                    "startLine": 15,
                    "startColumn": 4,
                    "startOffset": 764,
                    "endLine": 17,
                    "endColumn": 12,
                    "endOffset": 931
                },
                "from": {
                    "file": "C:\\Users\\ADMIN\\.android\\build-cache\\95f3ac9d8d29c858841e3e7390a95721f395d906\\output\\res\\values-v17\\values-v17.xml",
                    "position": {
                        "startLine": 15,
                        "startColumn": 4,
                        "startOffset": 764,
                        "endLine": 17,
                        "endColumn": 12,
                        "endOffset": 931
                    }
                }
            },
            {
                "to": {
                    "startLine": 18,
                    "startColumn": 4,
                    "startOffset": 936,
                    "endLine": 21,
                    "endColumn": 12,
                    "endOffset": 1159
                },
                "from": {
                    "file": "C:\\Users\\ADMIN\\.android\\build-cache\\95f3ac9d8d29c858841e3e7390a95721f395d906\\output\\res\\values-v17\\values-v17.xml",
                    "position": {
                        "startLine": 18,
                        "startColumn": 4,
                        "startOffset": 936,
                        "endLine": 21,
                        "endColumn": 12,
                        "endOffset": 1159
                    }
                }
            },
            {
                "to": {
                    "startLine": 22,
                    "startColumn": 4,
                    "startOffset": 1164,
                    "endLine": 25,
                    "endColumn": 12,
                    "endOffset": 1401
                },
                "from": {
                    "file": "C:\\Users\\ADMIN\\.android\\build-cache\\95f3ac9d8d29c858841e3e7390a95721f395d906\\output\\res\\values-v17\\values-v17.xml",
                    "position": {
                        "startLine": 22,
                        "startColumn": 4,
                        "startOffset": 1164,
                        "endLine": 25,
                        "endColumn": 12,
                        "endOffset": 1401
                    }
                }
            },
            {
                "to": {
                    "startLine": 26,
                    "startColumn": 4,
                    "startOffset": 1406,
                    "endLine": 28,
                    "endColumn": 12,
                    "endOffset": 1572
                },
                "from": {
                    "file": "C:\\Users\\ADMIN\\.android\\build-cache\\95f3ac9d8d29c858841e3e7390a95721f395d906\\output\\res\\values-v17\\values-v17.xml",
                    "position": {
                        "startLine": 26,
                        "startColumn": 4,
                        "startOffset": 1406,
                        "endLine": 28,
                        "endColumn": 12,
                        "endOffset": 1572
                    }
                }
            },
            {
                "to": {
                    "startLine": 29,
                    "startColumn": 4,
                    "startOffset": 1577,
                    "endLine": 31,
                    "endColumn": 12,
                    "endOffset": 1746
                },
                "from": {
                    "file": "C:\\Users\\ADMIN\\.android\\build-cache\\95f3ac9d8d29c858841e3e7390a95721f395d906\\output\\res\\values-v17\\values-v17.xml",
                    "position": {
                        "startLine": 29,
                        "startColumn": 4,
                        "startOffset": 1577,
                        "endLine": 31,
                        "endColumn": 12,
                        "endOffset": 1746
                    }
                }
            },
            {
                "to": {
                    "startLine": 32,
                    "startColumn": 4,
                    "startOffset": 1751,
                    "endLine": 34,
                    "endColumn": 12,
                    "endOffset": 1915
                },
                "from": {
                    "file": "C:\\Users\\ADMIN\\.android\\build-cache\\95f3ac9d8d29c858841e3e7390a95721f395d906\\output\\res\\values-v17\\values-v17.xml",
                    "position": {
                        "startLine": 32,
                        "startColumn": 4,
                        "startOffset": 1751,
                        "endLine": 34,
                        "endColumn": 12,
                        "endOffset": 1915
                    }
                }
            },
            {
                "to": {
                    "startLine": 35,
                    "startColumn": 4,
                    "startOffset": 1920,
                    "endLine": 38,
                    "endColumn": 12,
                    "endOffset": 2188
                },
                "from": {
                    "file": "C:\\Users\\ADMIN\\.android\\build-cache\\95f3ac9d8d29c858841e3e7390a95721f395d906\\output\\res\\values-v17\\values-v17.xml",
                    "position": {
                        "startLine": 35,
                        "startColumn": 4,
                        "startOffset": 1920,
                        "endLine": 38,
                        "endColumn": 12,
                        "endOffset": 2188
                    }
                }
            },
            {
                "to": {
                    "startLine": 39,
                    "startColumn": 4,
                    "startOffset": 2193,
                    "endLine": 41,
                    "endColumn": 12,
                    "endOffset": 2388
                },
                "from": {
                    "file": "C:\\Users\\ADMIN\\.android\\build-cache\\95f3ac9d8d29c858841e3e7390a95721f395d906\\output\\res\\values-v17\\values-v17.xml",
                    "position": {
                        "startLine": 39,
                        "startColumn": 4,
                        "startOffset": 2193,
                        "endLine": 41,
                        "endColumn": 12,
                        "endOffset": 2388
                    }
                }
            },
            {
                "to": {
                    "startLine": 42,
                    "startColumn": 4,
                    "startOffset": 2393,
                    "endLine": 45,
                    "endColumn": 12,
                    "endOffset": 2592
                },
                "from": {
                    "file": "C:\\Users\\ADMIN\\.android\\build-cache\\95f3ac9d8d29c858841e3e7390a95721f395d906\\output\\res\\values-v17\\values-v17.xml",
                    "position": {
                        "startLine": 42,
                        "startColumn": 4,
                        "startOffset": 2393,
                        "endLine": 45,
                        "endColumn": 12,
                        "endOffset": 2592
                    }
                }
            },
            {
                "to": {
                    "startLine": 46,
                    "startColumn": 4,
                    "startOffset": 2597,
                    "endLine": 49,
                    "endColumn": 12,
                    "endOffset": 2921
                },
                "from": {
                    "file": "C:\\Users\\ADMIN\\.android\\build-cache\\95f3ac9d8d29c858841e3e7390a95721f395d906\\output\\res\\values-v17\\values-v17.xml",
                    "position": {
                        "startLine": 46,
                        "startColumn": 4,
                        "startOffset": 2597,
                        "endLine": 49,
                        "endColumn": 12,
                        "endOffset": 2921
                    }
                }
            }
        ]
    }
]