[
    {
        "outputFile": "D:\\Project Work\\Call recorder\\CallRecorder\\app\\build\\intermediates\\incremental\\mergeDebugResources\\merged.dir\\values-gu\\values-gu.xml",
        "map": [
            {
                "to": {
                    "startLine": 2,
                    "startColumn": 4,
                    "startOffset": 105,
                    "endColumn": 254,
                    "endOffset": 355
                },
                "from": {
                    "file": "C:\\Users\\VIJAY\\.android\\build-cache\\fe541dc57c9d228369ed2110591b9ddf40b761e0\\output\\res\\values-gu\\values.xml",
                    "position": {
                        "startLine": 4,
                        "startColumn": 4,
                        "startOffset": 323,
                        "endColumn": 254,
                        "endOffset": 573
                    }
                }
            },
            {
                "to": {
                    "startLine": 3,
                    "startColumn": 4,
                    "startOffset": 360,
                    "endColumn": 127,
                    "endOffset": 483
                },
                "from": {
                    "file": "C:\\Users\\VIJAY\\.android\\build-cache\\fe541dc57c9d228369ed2110591b9ddf40b761e0\\output\\res\\values-gu\\values.xml",
                    "position": {
                        "startLine": 5,
                        "startColumn": 4,
                        "startOffset": 578,
                        "endColumn": 127,
                        "endOffset": 701
                    }
                }
            },
            {
                "to": {
                    "startLine": 4,
                    "startColumn": 4,
                    "startOffset": 488,
                    "endColumn": 197,
                    "endOffset": 681
                },
                "from": {
                    "file": "C:\\Users\\VIJAY\\.android\\build-cache\\fe541dc57c9d228369ed2110591b9ddf40b761e0\\output\\res\\values-gu\\values.xml",
                    "position": {
                        "startLine": 6,
                        "startColumn": 4,
                        "startOffset": 706,
                        "endColumn": 197,
                        "endOffset": 899
                    }
                }
            },
            {
                "to": {
                    "startLine": 5,
                    "startColumn": 4,
                    "startOffset": 686,
                    "endColumn": 126,
                    "endOffset": 808
                },
                "from": {
                    "file": "C:\\Users\\VIJAY\\.android\\build-cache\\fe541dc57c9d228369ed2110591b9ddf40b761e0\\output\\res\\values-gu\\values.xml",
                    "position": {
                        "startLine": 7,
                        "startColumn": 4,
                        "startOffset": 904,
                        "endColumn": 126,
                        "endOffset": 1026
                    }
                }
            },
            {
                "to": {
                    "startLine": 6,
                    "startColumn": 4,
                    "startOffset": 813,
                    "endColumn": 124,
                    "endOffset": 933
                },
                "from": {
                    "file": "C:\\Users\\VIJAY\\.android\\build-cache\\fe541dc57c9d228369ed2110591b9ddf40b761e0\\output\\res\\values-gu\\values.xml",
                    "position": {
                        "startLine": 8,
                        "startColumn": 4,
                        "startOffset": 1031,
                        "endColumn": 124,
                        "endOffset": 1151
                    }
                }
            },
            {
                "to": {
                    "startLine": 7,
                    "startColumn": 4,
                    "startOffset": 938,
                    "endColumn": 200,
                    "endOffset": 1134
                },
                "from": {
                    "file": "C:\\Users\\VIJAY\\.android\\build-cache\\fe541dc57c9d228369ed2110591b9ddf40b761e0\\output\\res\\values-gu\\values.xml",
                    "position": {
                        "startLine": 9,
                        "startColumn": 4,
                        "startOffset": 1156,
                        "endColumn": 200,
                        "endOffset": 1352
                    }
                }
            },
            {
                "to": {
                    "startLine": 8,
                    "startColumn": 4,
                    "startOffset": 1139,
                    "endColumn": 205,
                    "endOffset": 1340
                },
                "from": {
                    "file": "C:\\Users\\VIJAY\\.android\\build-cache\\fe541dc57c9d228369ed2110591b9ddf40b761e0\\output\\res\\values-gu\\values.xml",
                    "position": {
                        "startLine": 10,
                        "startColumn": 4,
                        "startOffset": 1357,
                        "endColumn": 205,
                        "endOffset": 1558
                    }
                }
            },
            {
                "to": {
                    "startLine": 9,
                    "startColumn": 4,
                    "startOffset": 1345,
                    "endColumn": 123,
                    "endOffset": 1464
                },
                "from": {
                    "file": "C:\\Users\\VIJAY\\.android\\build-cache\\fe541dc57c9d228369ed2110591b9ddf40b761e0\\output\\res\\values-gu\\values.xml",
                    "position": {
                        "startLine": 11,
                        "startColumn": 4,
                        "startOffset": 1563,
                        "endColumn": 123,
                        "endOffset": 1682
                    }
                }
            },
            {
                "to": {
                    "startLine": 10,
                    "startColumn": 4,
                    "startOffset": 1469,
                    "endColumn": 186,
                    "endOffset": 1651
                },
                "from": {
                    "file": "C:\\Users\\VIJAY\\.android\\build-cache\\fe541dc57c9d228369ed2110591b9ddf40b761e0\\output\\res\\values-gu\\values.xml",
                    "position": {
                        "startLine": 12,
                        "startColumn": 4,
                        "startOffset": 1687,
                        "endColumn": 186,
                        "endOffset": 1869
                    }
                }
            },
            {
                "to": {
                    "startLine": 11,
                    "startColumn": 4,
                    "startOffset": 1656,
                    "endColumn": 122,
                    "endOffset": 1774
                },
                "from": {
                    "file": "C:\\Users\\VIJAY\\.android\\build-cache\\fe541dc57c9d228369ed2110591b9ddf40b761e0\\output\\res\\values-gu\\values.xml",
                    "position": {
                        "startLine": 13,
                        "startColumn": 4,
                        "startOffset": 1874,
                        "endColumn": 122,
                        "endOffset": 1992
                    }
                }
            },
            {
                "to": {
                    "startLine": 12,
                    "startColumn": 4,
                    "startOffset": 1779,
                    "endColumn": 164,
                    "endOffset": 1939
                },
                "from": {
                    "file": "C:\\Users\\VIJAY\\.android\\build-cache\\fe541dc57c9d228369ed2110591b9ddf40b761e0\\output\\res\\values-gu\\values.xml",
                    "position": {
                        "startLine": 14,
                        "startColumn": 4,
                        "startOffset": 1997,
                        "endColumn": 164,
                        "endOffset": 2157
                    }
                }
            },
            {
                "to": {
                    "startLine": 13,
                    "startColumn": 4,
                    "startOffset": 1944,
                    "endColumn": 117,
                    "endOffset": 2057
                },
                "from": {
                    "file": "C:\\Users\\VIJAY\\.android\\build-cache\\fe541dc57c9d228369ed2110591b9ddf40b761e0\\output\\res\\values-gu\\values.xml",
                    "position": {
                        "startLine": 15,
                        "startColumn": 4,
                        "startOffset": 2162,
                        "endColumn": 117,
                        "endOffset": 2275
                    }
                }
            },
            {
                "to": {
                    "startLine": 14,
                    "startColumn": 4,
                    "startOffset": 2062,
                    "endColumn": 128,
                    "endOffset": 2186
                },
                "from": {
                    "file": "C:\\Users\\VIJAY\\.android\\build-cache\\fe541dc57c9d228369ed2110591b9ddf40b761e0\\output\\res\\values-gu\\values.xml",
                    "position": {
                        "startLine": 16,
                        "startColumn": 4,
                        "startOffset": 2280,
                        "endColumn": 128,
                        "endOffset": 2404
                    }
                }
            },
            {
                "to": {
                    "startLine": 15,
                    "startColumn": 4,
                    "startOffset": 2191,
                    "endColumn": 186,
                    "endOffset": 2373
                },
                "from": {
                    "file": "C:\\Users\\VIJAY\\.android\\build-cache\\fe541dc57c9d228369ed2110591b9ddf40b761e0\\output\\res\\values-gu\\values.xml",
                    "position": {
                        "startLine": 17,
                        "startColumn": 4,
                        "startOffset": 2409,
                        "endColumn": 186,
                        "endOffset": 2591
                    }
                }
            },
            {
                "to": {
                    "startLine": 16,
                    "startColumn": 4,
                    "startOffset": 2378,
                    "endColumn": 148,
                    "endOffset": 2522
                },
                "from": {
                    "file": "C:\\Users\\VIJAY\\.android\\build-cache\\fe541dc57c9d228369ed2110591b9ddf40b761e0\\output\\res\\values-gu\\values.xml",
                    "position": {
                        "startLine": 18,
                        "startColumn": 4,
                        "startOffset": 2596,
                        "endColumn": 148,
                        "endOffset": 2740
                    }
                }
            },
            {
                "to": {
                    "startLine": 17,
                    "startColumn": 4,
                    "startOffset": 2527,
                    "endColumn": 171,
                    "endOffset": 2694
                },
                "from": {
                    "file": "C:\\Users\\VIJAY\\.android\\build-cache\\fe541dc57c9d228369ed2110591b9ddf40b761e0\\output\\res\\values-gu\\values.xml",
                    "position": {
                        "startLine": 19,
                        "startColumn": 4,
                        "startOffset": 2745,
                        "endColumn": 171,
                        "endOffset": 2912
                    }
                }
            },
            {
                "to": {
                    "startLine": 18,
                    "startColumn": 4,
                    "startOffset": 2699,
                    "endColumn": 130,
                    "endOffset": 2825
                },
                "from": {
                    "file": "C:\\Users\\VIJAY\\.android\\build-cache\\fe541dc57c9d228369ed2110591b9ddf40b761e0\\output\\res\\values-gu\\values.xml",
                    "position": {
                        "startLine": 20,
                        "startColumn": 4,
                        "startOffset": 2917,
                        "endColumn": 130,
                        "endOffset": 3043
                    }
                }
            },
            {
                "to": {
                    "startLine": 19,
                    "startColumn": 4,
                    "startOffset": 2830,
                    "endColumn": 182,
                    "endOffset": 3008
                },
                "from": {
                    "file": "C:\\Users\\VIJAY\\.android\\build-cache\\fe541dc57c9d228369ed2110591b9ddf40b761e0\\output\\res\\values-gu\\values.xml",
                    "position": {
                        "startLine": 21,
                        "startColumn": 4,
                        "startOffset": 3048,
                        "endColumn": 182,
                        "endOffset": 3226
                    }
                }
            },
            {
                "to": {
                    "startLine": 20,
                    "startColumn": 4,
                    "startOffset": 3013,
                    "endColumn": 126,
                    "endOffset": 3135
                },
                "from": {
                    "file": "C:\\Users\\VIJAY\\.android\\build-cache\\fe541dc57c9d228369ed2110591b9ddf40b761e0\\output\\res\\values-gu\\values.xml",
                    "position": {
                        "startLine": 22,
                        "startColumn": 4,
                        "startOffset": 3231,
                        "endColumn": 126,
                        "endOffset": 3353
                    }
                }
            },
            {
                "to": {
                    "startLine": 21,
                    "startColumn": 4,
                    "startOffset": 3140,
                    "endColumn": 252,
                    "endOffset": 3388
                },
                "from": {
                    "file": "C:\\Users\\VIJAY\\.android\\build-cache\\3b3c45be01e6a89b22f090b73baf1df367750cf0\\output\\res\\values-gu\\values.xml",
                    "position": {
                        "startLine": 4,
                        "startColumn": 4,
                        "startOffset": 325,
                        "endColumn": 252,
                        "endOffset": 573
                    }
                }
            },
            {
                "to": {
                    "startLine": 22,
                    "startColumn": 4,
                    "startOffset": 3393,
                    "endColumn": 241,
                    "endOffset": 3630
                },
                "from": {
                    "file": "C:\\Users\\VIJAY\\.android\\build-cache\\fe541dc57c9d228369ed2110591b9ddf40b761e0\\output\\res\\values-gu\\values.xml",
                    "position": {
                        "startLine": 23,
                        "startColumn": 4,
                        "startOffset": 3358,
                        "endColumn": 241,
                        "endOffset": 3595
                    }
                }
            },
            {
                "to": {
                    "startLine": 23,
                    "startColumn": 4,
                    "startOffset": 3635,
                    "endColumn": 120,
                    "endOffset": 3751
                },
                "from": {
                    "file": "C:\\Users\\VIJAY\\.android\\build-cache\\fe541dc57c9d228369ed2110591b9ddf40b761e0\\output\\res\\values-gu\\values.xml",
                    "position": {
                        "startLine": 24,
                        "startColumn": 4,
                        "startOffset": 3600,
                        "endColumn": 120,
                        "endOffset": 3716
                    }
                }
            },
            {
                "to": {
                    "startLine": 24,
                    "startColumn": 4,
                    "startOffset": 3756,
                    "endColumn": 109,
                    "endOffset": 3861
                },
                "from": {
                    "file": "C:\\Users\\VIJAY\\.android\\build-cache\\fe541dc57c9d228369ed2110591b9ddf40b761e0\\output\\res\\values-gu\\values.xml",
                    "position": {
                        "startLine": 25,
                        "startColumn": 4,
                        "startOffset": 3721,
                        "endColumn": 109,
                        "endOffset": 3826
                    }
                }
            },
            {
                "to": {
                    "startLine": 25,
                    "startColumn": 4,
                    "startOffset": 3866,
                    "endColumn": 194,
                    "endOffset": 4056
                },
                "from": {
                    "file": "C:\\Users\\VIJAY\\.android\\build-cache\\fe541dc57c9d228369ed2110591b9ddf40b761e0\\output\\res\\values-gu\\values.xml",
                    "position": {
                        "startLine": 26,
                        "startColumn": 4,
                        "startOffset": 3831,
                        "endColumn": 194,
                        "endOffset": 4021
                    }
                }
            },
            {
                "to": {
                    "startLine": 26,
                    "startColumn": 4,
                    "startOffset": 4061,
                    "endColumn": 126,
                    "endOffset": 4183
                },
                "from": {
                    "file": "C:\\Users\\VIJAY\\.android\\build-cache\\fe541dc57c9d228369ed2110591b9ddf40b761e0\\output\\res\\values-gu\\values.xml",
                    "position": {
                        "startLine": 27,
                        "startColumn": 4,
                        "startOffset": 4026,
                        "endColumn": 126,
                        "endOffset": 4148
                    }
                }
            },
            {
                "to": {
                    "startLine": 27,
                    "startColumn": 4,
                    "startOffset": 4188,
                    "endColumn": 201,
                    "endOffset": 4385
                },
                "from": {
                    "file": "C:\\Users\\VIJAY\\.android\\build-cache\\fe541dc57c9d228369ed2110591b9ddf40b761e0\\output\\res\\values-gu\\values.xml",
                    "position": {
                        "startLine": 28,
                        "startColumn": 4,
                        "startOffset": 4153,
                        "endColumn": 201,
                        "endOffset": 4350
                    }
                }
            },
            {
                "to": {
                    "startLine": 28,
                    "startColumn": 4,
                    "startOffset": 4390,
                    "endColumn": 134,
                    "endOffset": 4520
                },
                "from": {
                    "file": "C:\\Users\\VIJAY\\.android\\build-cache\\fe541dc57c9d228369ed2110591b9ddf40b761e0\\output\\res\\values-gu\\values.xml",
                    "position": {
                        "startLine": 29,
                        "startColumn": 4,
                        "startOffset": 4355,
                        "endColumn": 134,
                        "endOffset": 4485
                    }
                }
            },
            {
                "to": {
                    "startLine": 29,
                    "startColumn": 4,
                    "startOffset": 4525,
                    "endColumn": 179,
                    "endOffset": 4700
                },
                "from": {
                    "file": "C:\\Users\\VIJAY\\.android\\build-cache\\fe541dc57c9d228369ed2110591b9ddf40b761e0\\output\\res\\values-gu\\values.xml",
                    "position": {
                        "startLine": 30,
                        "startColumn": 4,
                        "startOffset": 4490,
                        "endColumn": 179,
                        "endOffset": 4665
                    }
                }
            },
            {
                "to": {
                    "startLine": 30,
                    "startColumn": 4,
                    "startOffset": 4705,
                    "endColumn": 90,
                    "endOffset": 4791
                },
                "from": {
                    "file": "C:\\Users\\VIJAY\\.android\\build-cache\\fe541dc57c9d228369ed2110591b9ddf40b761e0\\output\\res\\values-gu\\values.xml",
                    "position": {
                        "startLine": 31,
                        "startColumn": 4,
                        "startOffset": 4670,
                        "endColumn": 90,
                        "endOffset": 4756
                    }
                }
            },
            {
                "to": {
                    "startLine": 31,
                    "startColumn": 4,
                    "startOffset": 4796,
                    "endColumn": 95,
                    "endOffset": 4887
                },
                "from": {
                    "file": "C:\\Users\\VIJAY\\.android\\build-cache\\fe541dc57c9d228369ed2110591b9ddf40b761e0\\output\\res\\values-gu\\values.xml",
                    "position": {
                        "startLine": 32,
                        "startColumn": 4,
                        "startOffset": 4761,
                        "endColumn": 95,
                        "endOffset": 4852
                    }
                }
            },
            {
                "to": {
                    "startLine": 32,
                    "startColumn": 4,
                    "startOffset": 4892,
                    "endColumn": 110,
                    "endOffset": 4998
                },
                "from": {
                    "file": "C:\\Users\\VIJAY\\.android\\build-cache\\fe541dc57c9d228369ed2110591b9ddf40b761e0\\output\\res\\values-gu\\values.xml",
                    "position": {
                        "startLine": 33,
                        "startColumn": 4,
                        "startOffset": 4857,
                        "endColumn": 110,
                        "endOffset": 4963
                    }
                }
            },
            {
                "to": {
                    "startLine": 33,
                    "startColumn": 4,
                    "startOffset": 5003,
                    "endColumn": 101,
                    "endOffset": 5100
                },
                "from": {
                    "file": "C:\\Users\\VIJAY\\.android\\build-cache\\fe59ef60328d1e68be970eb7f16fd43f4c6027ee\\output\\res\\values-gu\\values.xml",
                    "position": {
                        "startLine": 4,
                        "startColumn": 4,
                        "startOffset": 275,
                        "endColumn": 101,
                        "endOffset": 372
                    }
                }
            },
            {
                "to": {
                    "startLine": 34,
                    "startColumn": 4,
                    "startOffset": 5105,
                    "endColumn": 93,
                    "endOffset": 5194
                },
                "from": {
                    "file": "C:\\Users\\VIJAY\\.android\\build-cache\\fe59ef60328d1e68be970eb7f16fd43f4c6027ee\\output\\res\\values-gu\\values.xml",
                    "position": {
                        "startLine": 5,
                        "startColumn": 4,
                        "startOffset": 377,
                        "endColumn": 93,
                        "endOffset": 466
                    }
                }
            }
        ]
    },
    {
        "outputFile": "E:\\Android Studio\\Call recorders\\asfak\\CallRecorder\\app\\build\\intermediates\\incremental\\mergeDebugResources\\merged.dir\\values-gu\\values-gu.xml",
        "map": [
            {
                "to": {
                    "startLine": 2,
                    "startColumn": 4,
                    "startOffset": 105,
                    "endColumn": 254,
                    "endOffset": 355
                },
                "from": {
                    "file": "C:\\Users\\ADMIN\\.android\\build-cache\\fe541dc57c9d228369ed2110591b9ddf40b761e0\\output\\res\\values-gu\\values.xml",
                    "position": {
                        "startLine": 4,
                        "startColumn": 4,
                        "startOffset": 323,
                        "endColumn": 254,
                        "endOffset": 573
                    }
                }
            },
            {
                "to": {
                    "startLine": 3,
                    "startColumn": 4,
                    "startOffset": 360,
                    "endColumn": 127,
                    "endOffset": 483
                },
                "from": {
                    "file": "C:\\Users\\ADMIN\\.android\\build-cache\\fe541dc57c9d228369ed2110591b9ddf40b761e0\\output\\res\\values-gu\\values.xml",
                    "position": {
                        "startLine": 5,
                        "startColumn": 4,
                        "startOffset": 578,
                        "endColumn": 127,
                        "endOffset": 701
                    }
                }
            },
            {
                "to": {
                    "startLine": 4,
                    "startColumn": 4,
                    "startOffset": 488,
                    "endColumn": 197,
                    "endOffset": 681
                },
                "from": {
                    "file": "C:\\Users\\ADMIN\\.android\\build-cache\\fe541dc57c9d228369ed2110591b9ddf40b761e0\\output\\res\\values-gu\\values.xml",
                    "position": {
                        "startLine": 6,
                        "startColumn": 4,
                        "startOffset": 706,
                        "endColumn": 197,
                        "endOffset": 899
                    }
                }
            },
            {
                "to": {
                    "startLine": 5,
                    "startColumn": 4,
                    "startOffset": 686,
                    "endColumn": 126,
                    "endOffset": 808
                },
                "from": {
                    "file": "C:\\Users\\ADMIN\\.android\\build-cache\\fe541dc57c9d228369ed2110591b9ddf40b761e0\\output\\res\\values-gu\\values.xml",
                    "position": {
                        "startLine": 7,
                        "startColumn": 4,
                        "startOffset": 904,
                        "endColumn": 126,
                        "endOffset": 1026
                    }
                }
            },
            {
                "to": {
                    "startLine": 6,
                    "startColumn": 4,
                    "startOffset": 813,
                    "endColumn": 124,
                    "endOffset": 933
                },
                "from": {
                    "file": "C:\\Users\\ADMIN\\.android\\build-cache\\fe541dc57c9d228369ed2110591b9ddf40b761e0\\output\\res\\values-gu\\values.xml",
                    "position": {
                        "startLine": 8,
                        "startColumn": 4,
                        "startOffset": 1031,
                        "endColumn": 124,
                        "endOffset": 1151
                    }
                }
            },
            {
                "to": {
                    "startLine": 7,
                    "startColumn": 4,
                    "startOffset": 938,
                    "endColumn": 200,
                    "endOffset": 1134
                },
                "from": {
                    "file": "C:\\Users\\ADMIN\\.android\\build-cache\\fe541dc57c9d228369ed2110591b9ddf40b761e0\\output\\res\\values-gu\\values.xml",
                    "position": {
                        "startLine": 9,
                        "startColumn": 4,
                        "startOffset": 1156,
                        "endColumn": 200,
                        "endOffset": 1352
                    }
                }
            },
            {
                "to": {
                    "startLine": 8,
                    "startColumn": 4,
                    "startOffset": 1139,
                    "endColumn": 205,
                    "endOffset": 1340
                },
                "from": {
                    "file": "C:\\Users\\ADMIN\\.android\\build-cache\\fe541dc57c9d228369ed2110591b9ddf40b761e0\\output\\res\\values-gu\\values.xml",
                    "position": {
                        "startLine": 10,
                        "startColumn": 4,
                        "startOffset": 1357,
                        "endColumn": 205,
                        "endOffset": 1558
                    }
                }
            },
            {
                "to": {
                    "startLine": 9,
                    "startColumn": 4,
                    "startOffset": 1345,
                    "endColumn": 123,
                    "endOffset": 1464
                },
                "from": {
                    "file": "C:\\Users\\ADMIN\\.android\\build-cache\\fe541dc57c9d228369ed2110591b9ddf40b761e0\\output\\res\\values-gu\\values.xml",
                    "position": {
                        "startLine": 11,
                        "startColumn": 4,
                        "startOffset": 1563,
                        "endColumn": 123,
                        "endOffset": 1682
                    }
                }
            },
            {
                "to": {
                    "startLine": 10,
                    "startColumn": 4,
                    "startOffset": 1469,
                    "endColumn": 186,
                    "endOffset": 1651
                },
                "from": {
                    "file": "C:\\Users\\ADMIN\\.android\\build-cache\\fe541dc57c9d228369ed2110591b9ddf40b761e0\\output\\res\\values-gu\\values.xml",
                    "position": {
                        "startLine": 12,
                        "startColumn": 4,
                        "startOffset": 1687,
                        "endColumn": 186,
                        "endOffset": 1869
                    }
                }
            },
            {
                "to": {
                    "startLine": 11,
                    "startColumn": 4,
                    "startOffset": 1656,
                    "endColumn": 122,
                    "endOffset": 1774
                },
                "from": {
                    "file": "C:\\Users\\ADMIN\\.android\\build-cache\\fe541dc57c9d228369ed2110591b9ddf40b761e0\\output\\res\\values-gu\\values.xml",
                    "position": {
                        "startLine": 13,
                        "startColumn": 4,
                        "startOffset": 1874,
                        "endColumn": 122,
                        "endOffset": 1992
                    }
                }
            },
            {
                "to": {
                    "startLine": 12,
                    "startColumn": 4,
                    "startOffset": 1779,
                    "endColumn": 164,
                    "endOffset": 1939
                },
                "from": {
                    "file": "C:\\Users\\ADMIN\\.android\\build-cache\\fe541dc57c9d228369ed2110591b9ddf40b761e0\\output\\res\\values-gu\\values.xml",
                    "position": {
                        "startLine": 14,
                        "startColumn": 4,
                        "startOffset": 1997,
                        "endColumn": 164,
                        "endOffset": 2157
                    }
                }
            },
            {
                "to": {
                    "startLine": 13,
                    "startColumn": 4,
                    "startOffset": 1944,
                    "endColumn": 117,
                    "endOffset": 2057
                },
                "from": {
                    "file": "C:\\Users\\ADMIN\\.android\\build-cache\\fe541dc57c9d228369ed2110591b9ddf40b761e0\\output\\res\\values-gu\\values.xml",
                    "position": {
                        "startLine": 15,
                        "startColumn": 4,
                        "startOffset": 2162,
                        "endColumn": 117,
                        "endOffset": 2275
                    }
                }
            },
            {
                "to": {
                    "startLine": 14,
                    "startColumn": 4,
                    "startOffset": 2062,
                    "endColumn": 128,
                    "endOffset": 2186
                },
                "from": {
                    "file": "C:\\Users\\ADMIN\\.android\\build-cache\\fe541dc57c9d228369ed2110591b9ddf40b761e0\\output\\res\\values-gu\\values.xml",
                    "position": {
                        "startLine": 16,
                        "startColumn": 4,
                        "startOffset": 2280,
                        "endColumn": 128,
                        "endOffset": 2404
                    }
                }
            },
            {
                "to": {
                    "startLine": 15,
                    "startColumn": 4,
                    "startOffset": 2191,
                    "endColumn": 186,
                    "endOffset": 2373
                },
                "from": {
                    "file": "C:\\Users\\ADMIN\\.android\\build-cache\\fe541dc57c9d228369ed2110591b9ddf40b761e0\\output\\res\\values-gu\\values.xml",
                    "position": {
                        "startLine": 17,
                        "startColumn": 4,
                        "startOffset": 2409,
                        "endColumn": 186,
                        "endOffset": 2591
                    }
                }
            },
            {
                "to": {
                    "startLine": 16,
                    "startColumn": 4,
                    "startOffset": 2378,
                    "endColumn": 148,
                    "endOffset": 2522
                },
                "from": {
                    "file": "C:\\Users\\ADMIN\\.android\\build-cache\\fe541dc57c9d228369ed2110591b9ddf40b761e0\\output\\res\\values-gu\\values.xml",
                    "position": {
                        "startLine": 18,
                        "startColumn": 4,
                        "startOffset": 2596,
                        "endColumn": 148,
                        "endOffset": 2740
                    }
                }
            },
            {
                "to": {
                    "startLine": 17,
                    "startColumn": 4,
                    "startOffset": 2527,
                    "endColumn": 171,
                    "endOffset": 2694
                },
                "from": {
                    "file": "C:\\Users\\ADMIN\\.android\\build-cache\\fe541dc57c9d228369ed2110591b9ddf40b761e0\\output\\res\\values-gu\\values.xml",
                    "position": {
                        "startLine": 19,
                        "startColumn": 4,
                        "startOffset": 2745,
                        "endColumn": 171,
                        "endOffset": 2912
                    }
                }
            },
            {
                "to": {
                    "startLine": 18,
                    "startColumn": 4,
                    "startOffset": 2699,
                    "endColumn": 130,
                    "endOffset": 2825
                },
                "from": {
                    "file": "C:\\Users\\ADMIN\\.android\\build-cache\\fe541dc57c9d228369ed2110591b9ddf40b761e0\\output\\res\\values-gu\\values.xml",
                    "position": {
                        "startLine": 20,
                        "startColumn": 4,
                        "startOffset": 2917,
                        "endColumn": 130,
                        "endOffset": 3043
                    }
                }
            },
            {
                "to": {
                    "startLine": 19,
                    "startColumn": 4,
                    "startOffset": 2830,
                    "endColumn": 182,
                    "endOffset": 3008
                },
                "from": {
                    "file": "C:\\Users\\ADMIN\\.android\\build-cache\\fe541dc57c9d228369ed2110591b9ddf40b761e0\\output\\res\\values-gu\\values.xml",
                    "position": {
                        "startLine": 21,
                        "startColumn": 4,
                        "startOffset": 3048,
                        "endColumn": 182,
                        "endOffset": 3226
                    }
                }
            },
            {
                "to": {
                    "startLine": 20,
                    "startColumn": 4,
                    "startOffset": 3013,
                    "endColumn": 126,
                    "endOffset": 3135
                },
                "from": {
                    "file": "C:\\Users\\ADMIN\\.android\\build-cache\\fe541dc57c9d228369ed2110591b9ddf40b761e0\\output\\res\\values-gu\\values.xml",
                    "position": {
                        "startLine": 22,
                        "startColumn": 4,
                        "startOffset": 3231,
                        "endColumn": 126,
                        "endOffset": 3353
                    }
                }
            },
            {
                "to": {
                    "startLine": 21,
                    "startColumn": 4,
                    "startOffset": 3140,
                    "endColumn": 252,
                    "endOffset": 3388
                },
                "from": {
                    "file": "C:\\Users\\ADMIN\\.android\\build-cache\\3b3c45be01e6a89b22f090b73baf1df367750cf0\\output\\res\\values-gu\\values.xml",
                    "position": {
                        "startLine": 4,
                        "startColumn": 4,
                        "startOffset": 325,
                        "endColumn": 252,
                        "endOffset": 573
                    }
                }
            },
            {
                "to": {
                    "startLine": 22,
                    "startColumn": 4,
                    "startOffset": 3393,
                    "endColumn": 241,
                    "endOffset": 3630
                },
                "from": {
                    "file": "C:\\Users\\ADMIN\\.android\\build-cache\\fe541dc57c9d228369ed2110591b9ddf40b761e0\\output\\res\\values-gu\\values.xml",
                    "position": {
                        "startLine": 23,
                        "startColumn": 4,
                        "startOffset": 3358,
                        "endColumn": 241,
                        "endOffset": 3595
                    }
                }
            },
            {
                "to": {
                    "startLine": 23,
                    "startColumn": 4,
                    "startOffset": 3635,
                    "endColumn": 120,
                    "endOffset": 3751
                },
                "from": {
                    "file": "C:\\Users\\ADMIN\\.android\\build-cache\\fe541dc57c9d228369ed2110591b9ddf40b761e0\\output\\res\\values-gu\\values.xml",
                    "position": {
                        "startLine": 24,
                        "startColumn": 4,
                        "startOffset": 3600,
                        "endColumn": 120,
                        "endOffset": 3716
                    }
                }
            },
            {
                "to": {
                    "startLine": 24,
                    "startColumn": 4,
                    "startOffset": 3756,
                    "endColumn": 109,
                    "endOffset": 3861
                },
                "from": {
                    "file": "C:\\Users\\ADMIN\\.android\\build-cache\\fe541dc57c9d228369ed2110591b9ddf40b761e0\\output\\res\\values-gu\\values.xml",
                    "position": {
                        "startLine": 25,
                        "startColumn": 4,
                        "startOffset": 3721,
                        "endColumn": 109,
                        "endOffset": 3826
                    }
                }
            },
            {
                "to": {
                    "startLine": 25,
                    "startColumn": 4,
                    "startOffset": 3866,
                    "endColumn": 194,
                    "endOffset": 4056
                },
                "from": {
                    "file": "C:\\Users\\ADMIN\\.android\\build-cache\\fe541dc57c9d228369ed2110591b9ddf40b761e0\\output\\res\\values-gu\\values.xml",
                    "position": {
                        "startLine": 26,
                        "startColumn": 4,
                        "startOffset": 3831,
                        "endColumn": 194,
                        "endOffset": 4021
                    }
                }
            },
            {
                "to": {
                    "startLine": 26,
                    "startColumn": 4,
                    "startOffset": 4061,
                    "endColumn": 126,
                    "endOffset": 4183
                },
                "from": {
                    "file": "C:\\Users\\ADMIN\\.android\\build-cache\\fe541dc57c9d228369ed2110591b9ddf40b761e0\\output\\res\\values-gu\\values.xml",
                    "position": {
                        "startLine": 27,
                        "startColumn": 4,
                        "startOffset": 4026,
                        "endColumn": 126,
                        "endOffset": 4148
                    }
                }
            },
            {
                "to": {
                    "startLine": 27,
                    "startColumn": 4,
                    "startOffset": 4188,
                    "endColumn": 201,
                    "endOffset": 4385
                },
                "from": {
                    "file": "C:\\Users\\ADMIN\\.android\\build-cache\\fe541dc57c9d228369ed2110591b9ddf40b761e0\\output\\res\\values-gu\\values.xml",
                    "position": {
                        "startLine": 28,
                        "startColumn": 4,
                        "startOffset": 4153,
                        "endColumn": 201,
                        "endOffset": 4350
                    }
                }
            },
            {
                "to": {
                    "startLine": 28,
                    "startColumn": 4,
                    "startOffset": 4390,
                    "endColumn": 134,
                    "endOffset": 4520
                },
                "from": {
                    "file": "C:\\Users\\ADMIN\\.android\\build-cache\\fe541dc57c9d228369ed2110591b9ddf40b761e0\\output\\res\\values-gu\\values.xml",
                    "position": {
                        "startLine": 29,
                        "startColumn": 4,
                        "startOffset": 4355,
                        "endColumn": 134,
                        "endOffset": 4485
                    }
                }
            },
            {
                "to": {
                    "startLine": 29,
                    "startColumn": 4,
                    "startOffset": 4525,
                    "endColumn": 179,
                    "endOffset": 4700
                },
                "from": {
                    "file": "C:\\Users\\ADMIN\\.android\\build-cache\\fe541dc57c9d228369ed2110591b9ddf40b761e0\\output\\res\\values-gu\\values.xml",
                    "position": {
                        "startLine": 30,
                        "startColumn": 4,
                        "startOffset": 4490,
                        "endColumn": 179,
                        "endOffset": 4665
                    }
                }
            },
            {
                "to": {
                    "startLine": 30,
                    "startColumn": 4,
                    "startOffset": 4705,
                    "endColumn": 90,
                    "endOffset": 4791
                },
                "from": {
                    "file": "C:\\Users\\ADMIN\\.android\\build-cache\\fe541dc57c9d228369ed2110591b9ddf40b761e0\\output\\res\\values-gu\\values.xml",
                    "position": {
                        "startLine": 31,
                        "startColumn": 4,
                        "startOffset": 4670,
                        "endColumn": 90,
                        "endOffset": 4756
                    }
                }
            },
            {
                "to": {
                    "startLine": 31,
                    "startColumn": 4,
                    "startOffset": 4796,
                    "endColumn": 95,
                    "endOffset": 4887
                },
                "from": {
                    "file": "C:\\Users\\ADMIN\\.android\\build-cache\\fe541dc57c9d228369ed2110591b9ddf40b761e0\\output\\res\\values-gu\\values.xml",
                    "position": {
                        "startLine": 32,
                        "startColumn": 4,
                        "startOffset": 4761,
                        "endColumn": 95,
                        "endOffset": 4852
                    }
                }
            },
            {
                "to": {
                    "startLine": 32,
                    "startColumn": 4,
                    "startOffset": 4892,
                    "endColumn": 110,
                    "endOffset": 4998
                },
                "from": {
                    "file": "C:\\Users\\ADMIN\\.android\\build-cache\\fe541dc57c9d228369ed2110591b9ddf40b761e0\\output\\res\\values-gu\\values.xml",
                    "position": {
                        "startLine": 33,
                        "startColumn": 4,
                        "startOffset": 4857,
                        "endColumn": 110,
                        "endOffset": 4963
                    }
                }
            },
            {
                "to": {
                    "startLine": 33,
                    "startColumn": 4,
                    "startOffset": 5003,
                    "endColumn": 101,
                    "endOffset": 5100
                },
                "from": {
                    "file": "C:\\Users\\ADMIN\\.android\\build-cache\\fe59ef60328d1e68be970eb7f16fd43f4c6027ee\\output\\res\\values-gu\\values.xml",
                    "position": {
                        "startLine": 4,
                        "startColumn": 4,
                        "startOffset": 275,
                        "endColumn": 101,
                        "endOffset": 372
                    }
                }
            },
            {
                "to": {
                    "startLine": 34,
                    "startColumn": 4,
                    "startOffset": 5105,
                    "endColumn": 93,
                    "endOffset": 5194
                },
                "from": {
                    "file": "C:\\Users\\ADMIN\\.android\\build-cache\\fe59ef60328d1e68be970eb7f16fd43f4c6027ee\\output\\res\\values-gu\\values.xml",
                    "position": {
                        "startLine": 5,
                        "startColumn": 4,
                        "startOffset": 377,
                        "endColumn": 93,
                        "endOffset": 466
                    }
                }
            }
        ]
    }
]