[
    {
        "outputFile": "E:\\Android Studio\\Call recorders\\asfak\\CallRecorder\\app\\build\\intermediates\\incremental\\mergeDebugResources\\merged.dir\\values-pa\\values-pa.xml",
        "map": [
            {
                "to": {
                    "startLine": 2,
                    "startColumn": 4,
                    "startOffset": 105,
                    "endColumn": 256,
                    "endOffset": 357
                },
                "from": {
                    "file": "C:\\Users\\ADMIN\\.android\\build-cache\\fe541dc57c9d228369ed2110591b9ddf40b761e0\\output\\res\\values-pa\\values.xml",
                    "position": {
                        "startLine": 4,
                        "startColumn": 4,
                        "startOffset": 323,
                        "endColumn": 256,
                        "endOffset": 575
                    }
                }
            },
            {
                "to": {
                    "startLine": 3,
                    "startColumn": 4,
                    "startOffset": 362,
                    "endColumn": 134,
                    "endOffset": 492
                },
                "from": {
                    "file": "C:\\Users\\ADMIN\\.android\\build-cache\\fe541dc57c9d228369ed2110591b9ddf40b761e0\\output\\res\\values-pa\\values.xml",
                    "position": {
                        "startLine": 5,
                        "startColumn": 4,
                        "startOffset": 580,
                        "endColumn": 134,
                        "endOffset": 710
                    }
                }
            },
            {
                "to": {
                    "startLine": 4,
                    "startColumn": 4,
                    "startOffset": 497,
                    "endColumn": 206,
                    "endOffset": 699
                },
                "from": {
                    "file": "C:\\Users\\ADMIN\\.android\\build-cache\\fe541dc57c9d228369ed2110591b9ddf40b761e0\\output\\res\\values-pa\\values.xml",
                    "position": {
                        "startLine": 6,
                        "startColumn": 4,
                        "startOffset": 715,
                        "endColumn": 206,
                        "endOffset": 917
                    }
                }
            },
            {
                "to": {
                    "startLine": 5,
                    "startColumn": 4,
                    "startOffset": 704,
                    "endColumn": 131,
                    "endOffset": 831
                },
                "from": {
                    "file": "C:\\Users\\ADMIN\\.android\\build-cache\\fe541dc57c9d228369ed2110591b9ddf40b761e0\\output\\res\\values-pa\\values.xml",
                    "position": {
                        "startLine": 7,
                        "startColumn": 4,
                        "startOffset": 922,
                        "endColumn": 131,
                        "endOffset": 1049
                    }
                }
            },
            {
                "to": {
                    "startLine": 6,
                    "startColumn": 4,
                    "startOffset": 836,
                    "endColumn": 131,
                    "endOffset": 963
                },
                "from": {
                    "file": "C:\\Users\\ADMIN\\.android\\build-cache\\fe541dc57c9d228369ed2110591b9ddf40b761e0\\output\\res\\values-pa\\values.xml",
                    "position": {
                        "startLine": 8,
                        "startColumn": 4,
                        "startOffset": 1054,
                        "endColumn": 131,
                        "endOffset": 1181
                    }
                }
            },
            {
                "to": {
                    "startLine": 7,
                    "startColumn": 4,
                    "startOffset": 968,
                    "endColumn": 210,
                    "endOffset": 1174
                },
                "from": {
                    "file": "C:\\Users\\ADMIN\\.android\\build-cache\\fe541dc57c9d228369ed2110591b9ddf40b761e0\\output\\res\\values-pa\\values.xml",
                    "position": {
                        "startLine": 9,
                        "startColumn": 4,
                        "startOffset": 1186,
                        "endColumn": 210,
                        "endOffset": 1392
                    }
                }
            },
            {
                "to": {
                    "startLine": 8,
                    "startColumn": 4,
                    "startOffset": 1179,
                    "endColumn": 213,
                    "endOffset": 1388
                },
                "from": {
                    "file": "C:\\Users\\ADMIN\\.android\\build-cache\\fe541dc57c9d228369ed2110591b9ddf40b761e0\\output\\res\\values-pa\\values.xml",
                    "position": {
                        "startLine": 10,
                        "startColumn": 4,
                        "startOffset": 1397,
                        "endColumn": 213,
                        "endOffset": 1606
                    }
                }
            },
            {
                "to": {
                    "startLine": 9,
                    "startColumn": 4,
                    "startOffset": 1393,
                    "endColumn": 130,
                    "endOffset": 1519
                },
                "from": {
                    "file": "C:\\Users\\ADMIN\\.android\\build-cache\\fe541dc57c9d228369ed2110591b9ddf40b761e0\\output\\res\\values-pa\\values.xml",
                    "position": {
                        "startLine": 11,
                        "startColumn": 4,
                        "startOffset": 1611,
                        "endColumn": 130,
                        "endOffset": 1737
                    }
                }
            },
            {
                "to": {
                    "startLine": 10,
                    "startColumn": 4,
                    "startOffset": 1524,
                    "endColumn": 179,
                    "endOffset": 1699
                },
                "from": {
                    "file": "C:\\Users\\ADMIN\\.android\\build-cache\\fe541dc57c9d228369ed2110591b9ddf40b761e0\\output\\res\\values-pa\\values.xml",
                    "position": {
                        "startLine": 12,
                        "startColumn": 4,
                        "startOffset": 1742,
                        "endColumn": 179,
                        "endOffset": 1917
                    }
                }
            },
            {
                "to": {
                    "startLine": 11,
                    "startColumn": 4,
                    "startOffset": 1704,
                    "endColumn": 122,
                    "endOffset": 1822
                },
                "from": {
                    "file": "C:\\Users\\ADMIN\\.android\\build-cache\\fe541dc57c9d228369ed2110591b9ddf40b761e0\\output\\res\\values-pa\\values.xml",
                    "position": {
                        "startLine": 13,
                        "startColumn": 4,
                        "startOffset": 1922,
                        "endColumn": 122,
                        "endOffset": 2040
                    }
                }
            },
            {
                "to": {
                    "startLine": 12,
                    "startColumn": 4,
                    "startOffset": 1827,
                    "endColumn": 165,
                    "endOffset": 1988
                },
                "from": {
                    "file": "C:\\Users\\ADMIN\\.android\\build-cache\\fe541dc57c9d228369ed2110591b9ddf40b761e0\\output\\res\\values-pa\\values.xml",
                    "position": {
                        "startLine": 14,
                        "startColumn": 4,
                        "startOffset": 2045,
                        "endColumn": 165,
                        "endOffset": 2206
                    }
                }
            },
            {
                "to": {
                    "startLine": 13,
                    "startColumn": 4,
                    "startOffset": 1993,
                    "endColumn": 120,
                    "endOffset": 2109
                },
                "from": {
                    "file": "C:\\Users\\ADMIN\\.android\\build-cache\\fe541dc57c9d228369ed2110591b9ddf40b761e0\\output\\res\\values-pa\\values.xml",
                    "position": {
                        "startLine": 15,
                        "startColumn": 4,
                        "startOffset": 2211,
                        "endColumn": 120,
                        "endOffset": 2327
                    }
                }
            },
            {
                "to": {
                    "startLine": 14,
                    "startColumn": 4,
                    "startOffset": 2114,
                    "endColumn": 132,
                    "endOffset": 2242
                },
                "from": {
                    "file": "C:\\Users\\ADMIN\\.android\\build-cache\\fe541dc57c9d228369ed2110591b9ddf40b761e0\\output\\res\\values-pa\\values.xml",
                    "position": {
                        "startLine": 16,
                        "startColumn": 4,
                        "startOffset": 2332,
                        "endColumn": 132,
                        "endOffset": 2460
                    }
                }
            },
            {
                "to": {
                    "startLine": 15,
                    "startColumn": 4,
                    "startOffset": 2247,
                    "endColumn": 183,
                    "endOffset": 2426
                },
                "from": {
                    "file": "C:\\Users\\ADMIN\\.android\\build-cache\\fe541dc57c9d228369ed2110591b9ddf40b761e0\\output\\res\\values-pa\\values.xml",
                    "position": {
                        "startLine": 17,
                        "startColumn": 4,
                        "startOffset": 2465,
                        "endColumn": 183,
                        "endOffset": 2644
                    }
                }
            },
            {
                "to": {
                    "startLine": 16,
                    "startColumn": 4,
                    "startOffset": 2431,
                    "endColumn": 156,
                    "endOffset": 2583
                },
                "from": {
                    "file": "C:\\Users\\ADMIN\\.android\\build-cache\\fe541dc57c9d228369ed2110591b9ddf40b761e0\\output\\res\\values-pa\\values.xml",
                    "position": {
                        "startLine": 18,
                        "startColumn": 4,
                        "startOffset": 2649,
                        "endColumn": 156,
                        "endOffset": 2801
                    }
                }
            },
            {
                "to": {
                    "startLine": 17,
                    "startColumn": 4,
                    "startOffset": 2588,
                    "endColumn": 170,
                    "endOffset": 2754
                },
                "from": {
                    "file": "C:\\Users\\ADMIN\\.android\\build-cache\\fe541dc57c9d228369ed2110591b9ddf40b761e0\\output\\res\\values-pa\\values.xml",
                    "position": {
                        "startLine": 19,
                        "startColumn": 4,
                        "startOffset": 2806,
                        "endColumn": 170,
                        "endOffset": 2972
                    }
                }
            },
            {
                "to": {
                    "startLine": 18,
                    "startColumn": 4,
                    "startOffset": 2759,
                    "endColumn": 131,
                    "endOffset": 2886
                },
                "from": {
                    "file": "C:\\Users\\ADMIN\\.android\\build-cache\\fe541dc57c9d228369ed2110591b9ddf40b761e0\\output\\res\\values-pa\\values.xml",
                    "position": {
                        "startLine": 20,
                        "startColumn": 4,
                        "startOffset": 2977,
                        "endColumn": 131,
                        "endOffset": 3104
                    }
                }
            },
            {
                "to": {
                    "startLine": 19,
                    "startColumn": 4,
                    "startOffset": 2891,
                    "endColumn": 177,
                    "endOffset": 3064
                },
                "from": {
                    "file": "C:\\Users\\ADMIN\\.android\\build-cache\\fe541dc57c9d228369ed2110591b9ddf40b761e0\\output\\res\\values-pa\\values.xml",
                    "position": {
                        "startLine": 21,
                        "startColumn": 4,
                        "startOffset": 3109,
                        "endColumn": 177,
                        "endOffset": 3282
                    }
                }
            },
            {
                "to": {
                    "startLine": 20,
                    "startColumn": 4,
                    "startOffset": 3069,
                    "endColumn": 124,
                    "endOffset": 3189
                },
                "from": {
                    "file": "C:\\Users\\ADMIN\\.android\\build-cache\\fe541dc57c9d228369ed2110591b9ddf40b761e0\\output\\res\\values-pa\\values.xml",
                    "position": {
                        "startLine": 22,
                        "startColumn": 4,
                        "startOffset": 3287,
                        "endColumn": 124,
                        "endOffset": 3407
                    }
                }
            },
            {
                "to": {
                    "startLine": 21,
                    "startColumn": 4,
                    "startOffset": 3194,
                    "endColumn": 254,
                    "endOffset": 3444
                },
                "from": {
                    "file": "C:\\Users\\ADMIN\\.android\\build-cache\\3b3c45be01e6a89b22f090b73baf1df367750cf0\\output\\res\\values-pa\\values.xml",
                    "position": {
                        "startLine": 4,
                        "startColumn": 4,
                        "startOffset": 325,
                        "endColumn": 254,
                        "endOffset": 575
                    }
                }
            },
            {
                "to": {
                    "startLine": 22,
                    "startColumn": 4,
                    "startOffset": 3449,
                    "endColumn": 247,
                    "endOffset": 3692
                },
                "from": {
                    "file": "C:\\Users\\ADMIN\\.android\\build-cache\\fe541dc57c9d228369ed2110591b9ddf40b761e0\\output\\res\\values-pa\\values.xml",
                    "position": {
                        "startLine": 23,
                        "startColumn": 4,
                        "startOffset": 3412,
                        "endColumn": 247,
                        "endOffset": 3655
                    }
                }
            },
            {
                "to": {
                    "startLine": 23,
                    "startColumn": 4,
                    "startOffset": 3697,
                    "endColumn": 122,
                    "endOffset": 3815
                },
                "from": {
                    "file": "C:\\Users\\ADMIN\\.android\\build-cache\\fe541dc57c9d228369ed2110591b9ddf40b761e0\\output\\res\\values-pa\\values.xml",
                    "position": {
                        "startLine": 24,
                        "startColumn": 4,
                        "startOffset": 3660,
                        "endColumn": 122,
                        "endOffset": 3778
                    }
                }
            },
            {
                "to": {
                    "startLine": 24,
                    "startColumn": 4,
                    "startOffset": 3820,
                    "endColumn": 109,
                    "endOffset": 3925
                },
                "from": {
                    "file": "C:\\Users\\ADMIN\\.android\\build-cache\\fe541dc57c9d228369ed2110591b9ddf40b761e0\\output\\res\\values-pa\\values.xml",
                    "position": {
                        "startLine": 25,
                        "startColumn": 4,
                        "startOffset": 3783,
                        "endColumn": 109,
                        "endOffset": 3888
                    }
                }
            },
            {
                "to": {
                    "startLine": 25,
                    "startColumn": 4,
                    "startOffset": 3930,
                    "endColumn": 199,
                    "endOffset": 4125
                },
                "from": {
                    "file": "C:\\Users\\ADMIN\\.android\\build-cache\\fe541dc57c9d228369ed2110591b9ddf40b761e0\\output\\res\\values-pa\\values.xml",
                    "position": {
                        "startLine": 26,
                        "startColumn": 4,
                        "startOffset": 3893,
                        "endColumn": 199,
                        "endOffset": 4088
                    }
                }
            },
            {
                "to": {
                    "startLine": 26,
                    "startColumn": 4,
                    "startOffset": 4130,
                    "endColumn": 132,
                    "endOffset": 4258
                },
                "from": {
                    "file": "C:\\Users\\ADMIN\\.android\\build-cache\\fe541dc57c9d228369ed2110591b9ddf40b761e0\\output\\res\\values-pa\\values.xml",
                    "position": {
                        "startLine": 27,
                        "startColumn": 4,
                        "startOffset": 4093,
                        "endColumn": 132,
                        "endOffset": 4221
                    }
                }
            },
            {
                "to": {
                    "startLine": 27,
                    "startColumn": 4,
                    "startOffset": 4263,
                    "endColumn": 210,
                    "endOffset": 4469
                },
                "from": {
                    "file": "C:\\Users\\ADMIN\\.android\\build-cache\\fe541dc57c9d228369ed2110591b9ddf40b761e0\\output\\res\\values-pa\\values.xml",
                    "position": {
                        "startLine": 28,
                        "startColumn": 4,
                        "startOffset": 4226,
                        "endColumn": 210,
                        "endOffset": 4432
                    }
                }
            },
            {
                "to": {
                    "startLine": 28,
                    "startColumn": 4,
                    "startOffset": 4474,
                    "endColumn": 138,
                    "endOffset": 4608
                },
                "from": {
                    "file": "C:\\Users\\ADMIN\\.android\\build-cache\\fe541dc57c9d228369ed2110591b9ddf40b761e0\\output\\res\\values-pa\\values.xml",
                    "position": {
                        "startLine": 29,
                        "startColumn": 4,
                        "startOffset": 4437,
                        "endColumn": 138,
                        "endOffset": 4571
                    }
                }
            },
            {
                "to": {
                    "startLine": 29,
                    "startColumn": 4,
                    "startOffset": 4613,
                    "endColumn": 180,
                    "endOffset": 4789
                },
                "from": {
                    "file": "C:\\Users\\ADMIN\\.android\\build-cache\\fe541dc57c9d228369ed2110591b9ddf40b761e0\\output\\res\\values-pa\\values.xml",
                    "position": {
                        "startLine": 30,
                        "startColumn": 4,
                        "startOffset": 4576,
                        "endColumn": 180,
                        "endOffset": 4752
                    }
                }
            },
            {
                "to": {
                    "startLine": 30,
                    "startColumn": 4,
                    "startOffset": 4794,
                    "endColumn": 95,
                    "endOffset": 4885
                },
                "from": {
                    "file": "C:\\Users\\ADMIN\\.android\\build-cache\\fe541dc57c9d228369ed2110591b9ddf40b761e0\\output\\res\\values-pa\\values.xml",
                    "position": {
                        "startLine": 31,
                        "startColumn": 4,
                        "startOffset": 4757,
                        "endColumn": 95,
                        "endOffset": 4848
                    }
                }
            },
            {
                "to": {
                    "startLine": 31,
                    "startColumn": 4,
                    "startOffset": 4890,
                    "endColumn": 95,
                    "endOffset": 4981
                },
                "from": {
                    "file": "C:\\Users\\ADMIN\\.android\\build-cache\\fe541dc57c9d228369ed2110591b9ddf40b761e0\\output\\res\\values-pa\\values.xml",
                    "position": {
                        "startLine": 32,
                        "startColumn": 4,
                        "startOffset": 4853,
                        "endColumn": 95,
                        "endOffset": 4944
                    }
                }
            },
            {
                "to": {
                    "startLine": 32,
                    "startColumn": 4,
                    "startOffset": 4986,
                    "endColumn": 110,
                    "endOffset": 5092
                },
                "from": {
                    "file": "C:\\Users\\ADMIN\\.android\\build-cache\\fe541dc57c9d228369ed2110591b9ddf40b761e0\\output\\res\\values-pa\\values.xml",
                    "position": {
                        "startLine": 33,
                        "startColumn": 4,
                        "startOffset": 4949,
                        "endColumn": 110,
                        "endOffset": 5055
                    }
                }
            },
            {
                "to": {
                    "startLine": 33,
                    "startColumn": 4,
                    "startOffset": 5097,
                    "endColumn": 98,
                    "endOffset": 5191
                },
                "from": {
                    "file": "C:\\Users\\ADMIN\\.android\\build-cache\\fe59ef60328d1e68be970eb7f16fd43f4c6027ee\\output\\res\\values-pa\\values.xml",
                    "position": {
                        "startLine": 4,
                        "startColumn": 4,
                        "startOffset": 275,
                        "endColumn": 98,
                        "endOffset": 369
                    }
                }
            },
            {
                "to": {
                    "startLine": 34,
                    "startColumn": 4,
                    "startOffset": 5196,
                    "endColumn": 93,
                    "endOffset": 5285
                },
                "from": {
                    "file": "C:\\Users\\ADMIN\\.android\\build-cache\\fe59ef60328d1e68be970eb7f16fd43f4c6027ee\\output\\res\\values-pa\\values.xml",
                    "position": {
                        "startLine": 5,
                        "startColumn": 4,
                        "startOffset": 374,
                        "endColumn": 93,
                        "endOffset": 463
                    }
                }
            }
        ]
    },
    {
        "outputFile": "D:\\Project Work\\Call recorder\\CallRecorder\\app\\build\\intermediates\\incremental\\mergeDebugResources\\merged.dir\\values-pa\\values-pa.xml",
        "map": [
            {
                "to": {
                    "startLine": 2,
                    "startColumn": 4,
                    "startOffset": 105,
                    "endColumn": 256,
                    "endOffset": 357
                },
                "from": {
                    "file": "C:\\Users\\VIJAY\\.android\\build-cache\\fe541dc57c9d228369ed2110591b9ddf40b761e0\\output\\res\\values-pa\\values.xml",
                    "position": {
                        "startLine": 4,
                        "startColumn": 4,
                        "startOffset": 323,
                        "endColumn": 256,
                        "endOffset": 575
                    }
                }
            },
            {
                "to": {
                    "startLine": 3,
                    "startColumn": 4,
                    "startOffset": 362,
                    "endColumn": 134,
                    "endOffset": 492
                },
                "from": {
                    "file": "C:\\Users\\VIJAY\\.android\\build-cache\\fe541dc57c9d228369ed2110591b9ddf40b761e0\\output\\res\\values-pa\\values.xml",
                    "position": {
                        "startLine": 5,
                        "startColumn": 4,
                        "startOffset": 580,
                        "endColumn": 134,
                        "endOffset": 710
                    }
                }
            },
            {
                "to": {
                    "startLine": 4,
                    "startColumn": 4,
                    "startOffset": 497,
                    "endColumn": 206,
                    "endOffset": 699
                },
                "from": {
                    "file": "C:\\Users\\VIJAY\\.android\\build-cache\\fe541dc57c9d228369ed2110591b9ddf40b761e0\\output\\res\\values-pa\\values.xml",
                    "position": {
                        "startLine": 6,
                        "startColumn": 4,
                        "startOffset": 715,
                        "endColumn": 206,
                        "endOffset": 917
                    }
                }
            },
            {
                "to": {
                    "startLine": 5,
                    "startColumn": 4,
                    "startOffset": 704,
                    "endColumn": 131,
                    "endOffset": 831
                },
                "from": {
                    "file": "C:\\Users\\VIJAY\\.android\\build-cache\\fe541dc57c9d228369ed2110591b9ddf40b761e0\\output\\res\\values-pa\\values.xml",
                    "position": {
                        "startLine": 7,
                        "startColumn": 4,
                        "startOffset": 922,
                        "endColumn": 131,
                        "endOffset": 1049
                    }
                }
            },
            {
                "to": {
                    "startLine": 6,
                    "startColumn": 4,
                    "startOffset": 836,
                    "endColumn": 131,
                    "endOffset": 963
                },
                "from": {
                    "file": "C:\\Users\\VIJAY\\.android\\build-cache\\fe541dc57c9d228369ed2110591b9ddf40b761e0\\output\\res\\values-pa\\values.xml",
                    "position": {
                        "startLine": 8,
                        "startColumn": 4,
                        "startOffset": 1054,
                        "endColumn": 131,
                        "endOffset": 1181
                    }
                }
            },
            {
                "to": {
                    "startLine": 7,
                    "startColumn": 4,
                    "startOffset": 968,
                    "endColumn": 210,
                    "endOffset": 1174
                },
                "from": {
                    "file": "C:\\Users\\VIJAY\\.android\\build-cache\\fe541dc57c9d228369ed2110591b9ddf40b761e0\\output\\res\\values-pa\\values.xml",
                    "position": {
                        "startLine": 9,
                        "startColumn": 4,
                        "startOffset": 1186,
                        "endColumn": 210,
                        "endOffset": 1392
                    }
                }
            },
            {
                "to": {
                    "startLine": 8,
                    "startColumn": 4,
                    "startOffset": 1179,
                    "endColumn": 213,
                    "endOffset": 1388
                },
                "from": {
                    "file": "C:\\Users\\VIJAY\\.android\\build-cache\\fe541dc57c9d228369ed2110591b9ddf40b761e0\\output\\res\\values-pa\\values.xml",
                    "position": {
                        "startLine": 10,
                        "startColumn": 4,
                        "startOffset": 1397,
                        "endColumn": 213,
                        "endOffset": 1606
                    }
                }
            },
            {
                "to": {
                    "startLine": 9,
                    "startColumn": 4,
                    "startOffset": 1393,
                    "endColumn": 130,
                    "endOffset": 1519
                },
                "from": {
                    "file": "C:\\Users\\VIJAY\\.android\\build-cache\\fe541dc57c9d228369ed2110591b9ddf40b761e0\\output\\res\\values-pa\\values.xml",
                    "position": {
                        "startLine": 11,
                        "startColumn": 4,
                        "startOffset": 1611,
                        "endColumn": 130,
                        "endOffset": 1737
                    }
                }
            },
            {
                "to": {
                    "startLine": 10,
                    "startColumn": 4,
                    "startOffset": 1524,
                    "endColumn": 179,
                    "endOffset": 1699
                },
                "from": {
                    "file": "C:\\Users\\VIJAY\\.android\\build-cache\\fe541dc57c9d228369ed2110591b9ddf40b761e0\\output\\res\\values-pa\\values.xml",
                    "position": {
                        "startLine": 12,
                        "startColumn": 4,
                        "startOffset": 1742,
                        "endColumn": 179,
                        "endOffset": 1917
                    }
                }
            },
            {
                "to": {
                    "startLine": 11,
                    "startColumn": 4,
                    "startOffset": 1704,
                    "endColumn": 122,
                    "endOffset": 1822
                },
                "from": {
                    "file": "C:\\Users\\VIJAY\\.android\\build-cache\\fe541dc57c9d228369ed2110591b9ddf40b761e0\\output\\res\\values-pa\\values.xml",
                    "position": {
                        "startLine": 13,
                        "startColumn": 4,
                        "startOffset": 1922,
                        "endColumn": 122,
                        "endOffset": 2040
                    }
                }
            },
            {
                "to": {
                    "startLine": 12,
                    "startColumn": 4,
                    "startOffset": 1827,
                    "endColumn": 165,
                    "endOffset": 1988
                },
                "from": {
                    "file": "C:\\Users\\VIJAY\\.android\\build-cache\\fe541dc57c9d228369ed2110591b9ddf40b761e0\\output\\res\\values-pa\\values.xml",
                    "position": {
                        "startLine": 14,
                        "startColumn": 4,
                        "startOffset": 2045,
                        "endColumn": 165,
                        "endOffset": 2206
                    }
                }
            },
            {
                "to": {
                    "startLine": 13,
                    "startColumn": 4,
                    "startOffset": 1993,
                    "endColumn": 120,
                    "endOffset": 2109
                },
                "from": {
                    "file": "C:\\Users\\VIJAY\\.android\\build-cache\\fe541dc57c9d228369ed2110591b9ddf40b761e0\\output\\res\\values-pa\\values.xml",
                    "position": {
                        "startLine": 15,
                        "startColumn": 4,
                        "startOffset": 2211,
                        "endColumn": 120,
                        "endOffset": 2327
                    }
                }
            },
            {
                "to": {
                    "startLine": 14,
                    "startColumn": 4,
                    "startOffset": 2114,
                    "endColumn": 132,
                    "endOffset": 2242
                },
                "from": {
                    "file": "C:\\Users\\VIJAY\\.android\\build-cache\\fe541dc57c9d228369ed2110591b9ddf40b761e0\\output\\res\\values-pa\\values.xml",
                    "position": {
                        "startLine": 16,
                        "startColumn": 4,
                        "startOffset": 2332,
                        "endColumn": 132,
                        "endOffset": 2460
                    }
                }
            },
            {
                "to": {
                    "startLine": 15,
                    "startColumn": 4,
                    "startOffset": 2247,
                    "endColumn": 183,
                    "endOffset": 2426
                },
                "from": {
                    "file": "C:\\Users\\VIJAY\\.android\\build-cache\\fe541dc57c9d228369ed2110591b9ddf40b761e0\\output\\res\\values-pa\\values.xml",
                    "position": {
                        "startLine": 17,
                        "startColumn": 4,
                        "startOffset": 2465,
                        "endColumn": 183,
                        "endOffset": 2644
                    }
                }
            },
            {
                "to": {
                    "startLine": 16,
                    "startColumn": 4,
                    "startOffset": 2431,
                    "endColumn": 156,
                    "endOffset": 2583
                },
                "from": {
                    "file": "C:\\Users\\VIJAY\\.android\\build-cache\\fe541dc57c9d228369ed2110591b9ddf40b761e0\\output\\res\\values-pa\\values.xml",
                    "position": {
                        "startLine": 18,
                        "startColumn": 4,
                        "startOffset": 2649,
                        "endColumn": 156,
                        "endOffset": 2801
                    }
                }
            },
            {
                "to": {
                    "startLine": 17,
                    "startColumn": 4,
                    "startOffset": 2588,
                    "endColumn": 170,
                    "endOffset": 2754
                },
                "from": {
                    "file": "C:\\Users\\VIJAY\\.android\\build-cache\\fe541dc57c9d228369ed2110591b9ddf40b761e0\\output\\res\\values-pa\\values.xml",
                    "position": {
                        "startLine": 19,
                        "startColumn": 4,
                        "startOffset": 2806,
                        "endColumn": 170,
                        "endOffset": 2972
                    }
                }
            },
            {
                "to": {
                    "startLine": 18,
                    "startColumn": 4,
                    "startOffset": 2759,
                    "endColumn": 131,
                    "endOffset": 2886
                },
                "from": {
                    "file": "C:\\Users\\VIJAY\\.android\\build-cache\\fe541dc57c9d228369ed2110591b9ddf40b761e0\\output\\res\\values-pa\\values.xml",
                    "position": {
                        "startLine": 20,
                        "startColumn": 4,
                        "startOffset": 2977,
                        "endColumn": 131,
                        "endOffset": 3104
                    }
                }
            },
            {
                "to": {
                    "startLine": 19,
                    "startColumn": 4,
                    "startOffset": 2891,
                    "endColumn": 177,
                    "endOffset": 3064
                },
                "from": {
                    "file": "C:\\Users\\VIJAY\\.android\\build-cache\\fe541dc57c9d228369ed2110591b9ddf40b761e0\\output\\res\\values-pa\\values.xml",
                    "position": {
                        "startLine": 21,
                        "startColumn": 4,
                        "startOffset": 3109,
                        "endColumn": 177,
                        "endOffset": 3282
                    }
                }
            },
            {
                "to": {
                    "startLine": 20,
                    "startColumn": 4,
                    "startOffset": 3069,
                    "endColumn": 124,
                    "endOffset": 3189
                },
                "from": {
                    "file": "C:\\Users\\VIJAY\\.android\\build-cache\\fe541dc57c9d228369ed2110591b9ddf40b761e0\\output\\res\\values-pa\\values.xml",
                    "position": {
                        "startLine": 22,
                        "startColumn": 4,
                        "startOffset": 3287,
                        "endColumn": 124,
                        "endOffset": 3407
                    }
                }
            },
            {
                "to": {
                    "startLine": 21,
                    "startColumn": 4,
                    "startOffset": 3194,
                    "endColumn": 254,
                    "endOffset": 3444
                },
                "from": {
                    "file": "C:\\Users\\VIJAY\\.android\\build-cache\\3b3c45be01e6a89b22f090b73baf1df367750cf0\\output\\res\\values-pa\\values.xml",
                    "position": {
                        "startLine": 4,
                        "startColumn": 4,
                        "startOffset": 325,
                        "endColumn": 254,
                        "endOffset": 575
                    }
                }
            },
            {
                "to": {
                    "startLine": 22,
                    "startColumn": 4,
                    "startOffset": 3449,
                    "endColumn": 247,
                    "endOffset": 3692
                },
                "from": {
                    "file": "C:\\Users\\VIJAY\\.android\\build-cache\\fe541dc57c9d228369ed2110591b9ddf40b761e0\\output\\res\\values-pa\\values.xml",
                    "position": {
                        "startLine": 23,
                        "startColumn": 4,
                        "startOffset": 3412,
                        "endColumn": 247,
                        "endOffset": 3655
                    }
                }
            },
            {
                "to": {
                    "startLine": 23,
                    "startColumn": 4,
                    "startOffset": 3697,
                    "endColumn": 122,
                    "endOffset": 3815
                },
                "from": {
                    "file": "C:\\Users\\VIJAY\\.android\\build-cache\\fe541dc57c9d228369ed2110591b9ddf40b761e0\\output\\res\\values-pa\\values.xml",
                    "position": {
                        "startLine": 24,
                        "startColumn": 4,
                        "startOffset": 3660,
                        "endColumn": 122,
                        "endOffset": 3778
                    }
                }
            },
            {
                "to": {
                    "startLine": 24,
                    "startColumn": 4,
                    "startOffset": 3820,
                    "endColumn": 109,
                    "endOffset": 3925
                },
                "from": {
                    "file": "C:\\Users\\VIJAY\\.android\\build-cache\\fe541dc57c9d228369ed2110591b9ddf40b761e0\\output\\res\\values-pa\\values.xml",
                    "position": {
                        "startLine": 25,
                        "startColumn": 4,
                        "startOffset": 3783,
                        "endColumn": 109,
                        "endOffset": 3888
                    }
                }
            },
            {
                "to": {
                    "startLine": 25,
                    "startColumn": 4,
                    "startOffset": 3930,
                    "endColumn": 199,
                    "endOffset": 4125
                },
                "from": {
                    "file": "C:\\Users\\VIJAY\\.android\\build-cache\\fe541dc57c9d228369ed2110591b9ddf40b761e0\\output\\res\\values-pa\\values.xml",
                    "position": {
                        "startLine": 26,
                        "startColumn": 4,
                        "startOffset": 3893,
                        "endColumn": 199,
                        "endOffset": 4088
                    }
                }
            },
            {
                "to": {
                    "startLine": 26,
                    "startColumn": 4,
                    "startOffset": 4130,
                    "endColumn": 132,
                    "endOffset": 4258
                },
                "from": {
                    "file": "C:\\Users\\VIJAY\\.android\\build-cache\\fe541dc57c9d228369ed2110591b9ddf40b761e0\\output\\res\\values-pa\\values.xml",
                    "position": {
                        "startLine": 27,
                        "startColumn": 4,
                        "startOffset": 4093,
                        "endColumn": 132,
                        "endOffset": 4221
                    }
                }
            },
            {
                "to": {
                    "startLine": 27,
                    "startColumn": 4,
                    "startOffset": 4263,
                    "endColumn": 210,
                    "endOffset": 4469
                },
                "from": {
                    "file": "C:\\Users\\VIJAY\\.android\\build-cache\\fe541dc57c9d228369ed2110591b9ddf40b761e0\\output\\res\\values-pa\\values.xml",
                    "position": {
                        "startLine": 28,
                        "startColumn": 4,
                        "startOffset": 4226,
                        "endColumn": 210,
                        "endOffset": 4432
                    }
                }
            },
            {
                "to": {
                    "startLine": 28,
                    "startColumn": 4,
                    "startOffset": 4474,
                    "endColumn": 138,
                    "endOffset": 4608
                },
                "from": {
                    "file": "C:\\Users\\VIJAY\\.android\\build-cache\\fe541dc57c9d228369ed2110591b9ddf40b761e0\\output\\res\\values-pa\\values.xml",
                    "position": {
                        "startLine": 29,
                        "startColumn": 4,
                        "startOffset": 4437,
                        "endColumn": 138,
                        "endOffset": 4571
                    }
                }
            },
            {
                "to": {
                    "startLine": 29,
                    "startColumn": 4,
                    "startOffset": 4613,
                    "endColumn": 180,
                    "endOffset": 4789
                },
                "from": {
                    "file": "C:\\Users\\VIJAY\\.android\\build-cache\\fe541dc57c9d228369ed2110591b9ddf40b761e0\\output\\res\\values-pa\\values.xml",
                    "position": {
                        "startLine": 30,
                        "startColumn": 4,
                        "startOffset": 4576,
                        "endColumn": 180,
                        "endOffset": 4752
                    }
                }
            },
            {
                "to": {
                    "startLine": 30,
                    "startColumn": 4,
                    "startOffset": 4794,
                    "endColumn": 95,
                    "endOffset": 4885
                },
                "from": {
                    "file": "C:\\Users\\VIJAY\\.android\\build-cache\\fe541dc57c9d228369ed2110591b9ddf40b761e0\\output\\res\\values-pa\\values.xml",
                    "position": {
                        "startLine": 31,
                        "startColumn": 4,
                        "startOffset": 4757,
                        "endColumn": 95,
                        "endOffset": 4848
                    }
                }
            },
            {
                "to": {
                    "startLine": 31,
                    "startColumn": 4,
                    "startOffset": 4890,
                    "endColumn": 95,
                    "endOffset": 4981
                },
                "from": {
                    "file": "C:\\Users\\VIJAY\\.android\\build-cache\\fe541dc57c9d228369ed2110591b9ddf40b761e0\\output\\res\\values-pa\\values.xml",
                    "position": {
                        "startLine": 32,
                        "startColumn": 4,
                        "startOffset": 4853,
                        "endColumn": 95,
                        "endOffset": 4944
                    }
                }
            },
            {
                "to": {
                    "startLine": 32,
                    "startColumn": 4,
                    "startOffset": 4986,
                    "endColumn": 110,
                    "endOffset": 5092
                },
                "from": {
                    "file": "C:\\Users\\VIJAY\\.android\\build-cache\\fe541dc57c9d228369ed2110591b9ddf40b761e0\\output\\res\\values-pa\\values.xml",
                    "position": {
                        "startLine": 33,
                        "startColumn": 4,
                        "startOffset": 4949,
                        "endColumn": 110,
                        "endOffset": 5055
                    }
                }
            },
            {
                "to": {
                    "startLine": 33,
                    "startColumn": 4,
                    "startOffset": 5097,
                    "endColumn": 98,
                    "endOffset": 5191
                },
                "from": {
                    "file": "C:\\Users\\VIJAY\\.android\\build-cache\\fe59ef60328d1e68be970eb7f16fd43f4c6027ee\\output\\res\\values-pa\\values.xml",
                    "position": {
                        "startLine": 4,
                        "startColumn": 4,
                        "startOffset": 275,
                        "endColumn": 98,
                        "endOffset": 369
                    }
                }
            },
            {
                "to": {
                    "startLine": 34,
                    "startColumn": 4,
                    "startOffset": 5196,
                    "endColumn": 93,
                    "endOffset": 5285
                },
                "from": {
                    "file": "C:\\Users\\VIJAY\\.android\\build-cache\\fe59ef60328d1e68be970eb7f16fd43f4c6027ee\\output\\res\\values-pa\\values.xml",
                    "position": {
                        "startLine": 5,
                        "startColumn": 4,
                        "startOffset": 374,
                        "endColumn": 93,
                        "endOffset": 463
                    }
                }
            }
        ]
    }
]