[
    {
        "outputFile": "E:\\Android Studio\\Call recorders\\asfak\\CallRecorder\\app\\build\\intermediates\\incremental\\mergeDebugResources\\merged.dir\\values-km-rKH\\values-km-rKH.xml",
        "map": [
            {
                "to": {
                    "startLine": 2,
                    "startColumn": 4,
                    "startOffset": 55,
                    "endColumn": 102,
                    "endOffset": 153
                },
                "from": {
                    "file": "C:\\Users\\ADMIN\\.android\\build-cache\\95f3ac9d8d29c858841e3e7390a95721f395d906\\output\\res\\values-km-rKH\\values-km-rKH.xml",
                    "position": {
                        "startLine": 2,
                        "startColumn": 4,
                        "startOffset": 55,
                        "endColumn": 102,
                        "endOffset": 153
                    }
                }
            },
            {
                "to": {
                    "startLine": 3,
                    "startColumn": 4,
                    "startOffset": 158,
                    "endColumn": 107,
                    "endOffset": 261
                },
                "from": {
                    "file": "C:\\Users\\ADMIN\\.android\\build-cache\\95f3ac9d8d29c858841e3e7390a95721f395d906\\output\\res\\values-km-rKH\\values-km-rKH.xml",
                    "position": {
                        "startLine": 3,
                        "startColumn": 4,
                        "startOffset": 158,
                        "endColumn": 107,
                        "endOffset": 261
                    }
                }
            },
            {
                "to": {
                    "startLine": 4,
                    "startColumn": 4,
                    "startOffset": 266,
                    "endColumn": 122,
                    "endOffset": 384
                },
                "from": {
                    "file": "C:\\Users\\ADMIN\\.android\\build-cache\\95f3ac9d8d29c858841e3e7390a95721f395d906\\output\\res\\values-km-rKH\\values-km-rKH.xml",
                    "position": {
                        "startLine": 4,
                        "startColumn": 4,
                        "startOffset": 266,
                        "endColumn": 122,
                        "endOffset": 384
                    }
                }
            },
            {
                "to": {
                    "startLine": 5,
                    "startColumn": 4,
                    "startOffset": 389,
                    "endColumn": 99,
                    "endOffset": 484
                },
                "from": {
                    "file": "C:\\Users\\ADMIN\\.android\\build-cache\\95f3ac9d8d29c858841e3e7390a95721f395d906\\output\\res\\values-km-rKH\\values-km-rKH.xml",
                    "position": {
                        "startLine": 5,
                        "startColumn": 4,
                        "startOffset": 389,
                        "endColumn": 99,
                        "endOffset": 484
                    }
                }
            },
            {
                "to": {
                    "startLine": 6,
                    "startColumn": 4,
                    "startOffset": 489,
                    "endColumn": 111,
                    "endOffset": 596
                },
                "from": {
                    "file": "C:\\Users\\ADMIN\\.android\\build-cache\\95f3ac9d8d29c858841e3e7390a95721f395d906\\output\\res\\values-km-rKH\\values-km-rKH.xml",
                    "position": {
                        "startLine": 6,
                        "startColumn": 4,
                        "startOffset": 489,
                        "endColumn": 111,
                        "endOffset": 596
                    }
                }
            },
            {
                "to": {
                    "startLine": 7,
                    "startColumn": 4,
                    "startOffset": 601,
                    "endColumn": 86,
                    "endOffset": 683
                },
                "from": {
                    "file": "C:\\Users\\ADMIN\\.android\\build-cache\\95f3ac9d8d29c858841e3e7390a95721f395d906\\output\\res\\values-km-rKH\\values-km-rKH.xml",
                    "position": {
                        "startLine": 7,
                        "startColumn": 4,
                        "startOffset": 601,
                        "endColumn": 86,
                        "endOffset": 683
                    }
                }
            },
            {
                "to": {
                    "startLine": 8,
                    "startColumn": 4,
                    "startOffset": 688,
                    "endColumn": 103,
                    "endOffset": 787
                },
                "from": {
                    "file": "C:\\Users\\ADMIN\\.android\\build-cache\\95f3ac9d8d29c858841e3e7390a95721f395d906\\output\\res\\values-km-rKH\\values-km-rKH.xml",
                    "position": {
                        "startLine": 8,
                        "startColumn": 4,
                        "startOffset": 688,
                        "endColumn": 103,
                        "endOffset": 787
                    }
                }
            },
            {
                "to": {
                    "startLine": 9,
                    "startColumn": 4,
                    "startOffset": 792,
                    "endColumn": 117,
                    "endOffset": 905
                },
                "from": {
                    "file": "C:\\Users\\ADMIN\\.android\\build-cache\\95f3ac9d8d29c858841e3e7390a95721f395d906\\output\\res\\values-km-rKH\\values-km-rKH.xml",
                    "position": {
                        "startLine": 9,
                        "startColumn": 4,
                        "startOffset": 792,
                        "endColumn": 117,
                        "endOffset": 905
                    }
                }
            },
            {
                "to": {
                    "startLine": 10,
                    "startColumn": 4,
                    "startOffset": 910,
                    "endColumn": 76,
                    "endOffset": 982
                },
                "from": {
                    "file": "C:\\Users\\ADMIN\\.android\\build-cache\\95f3ac9d8d29c858841e3e7390a95721f395d906\\output\\res\\values-km-rKH\\values-km-rKH.xml",
                    "position": {
                        "startLine": 10,
                        "startColumn": 4,
                        "startOffset": 910,
                        "endColumn": 76,
                        "endOffset": 982
                    }
                }
            },
            {
                "to": {
                    "startLine": 11,
                    "startColumn": 4,
                    "startOffset": 987,
                    "endColumn": 76,
                    "endOffset": 1059
                },
                "from": {
                    "file": "C:\\Users\\ADMIN\\.android\\build-cache\\95f3ac9d8d29c858841e3e7390a95721f395d906\\output\\res\\values-km-rKH\\values-km-rKH.xml",
                    "position": {
                        "startLine": 11,
                        "startColumn": 4,
                        "startOffset": 987,
                        "endColumn": 76,
                        "endOffset": 1059
                    }
                }
            },
            {
                "to": {
                    "startLine": 12,
                    "startColumn": 4,
                    "startOffset": 1064,
                    "endColumn": 82,
                    "endOffset": 1142
                },
                "from": {
                    "file": "C:\\Users\\ADMIN\\.android\\build-cache\\95f3ac9d8d29c858841e3e7390a95721f395d906\\output\\res\\values-km-rKH\\values-km-rKH.xml",
                    "position": {
                        "startLine": 12,
                        "startColumn": 4,
                        "startOffset": 1064,
                        "endColumn": 82,
                        "endOffset": 1142
                    }
                }
            },
            {
                "to": {
                    "startLine": 13,
                    "startColumn": 4,
                    "startOffset": 1147,
                    "endColumn": 103,
                    "endOffset": 1246
                },
                "from": {
                    "file": "C:\\Users\\ADMIN\\.android\\build-cache\\95f3ac9d8d29c858841e3e7390a95721f395d906\\output\\res\\values-km-rKH\\values-km-rKH.xml",
                    "position": {
                        "startLine": 13,
                        "startColumn": 4,
                        "startOffset": 1147,
                        "endColumn": 103,
                        "endOffset": 1246
                    }
                }
            },
            {
                "to": {
                    "startLine": 14,
                    "startColumn": 4,
                    "startOffset": 1251,
                    "endColumn": 104,
                    "endOffset": 1351
                },
                "from": {
                    "file": "C:\\Users\\ADMIN\\.android\\build-cache\\95f3ac9d8d29c858841e3e7390a95721f395d906\\output\\res\\values-km-rKH\\values-km-rKH.xml",
                    "position": {
                        "startLine": 14,
                        "startColumn": 4,
                        "startOffset": 1251,
                        "endColumn": 104,
                        "endOffset": 1351
                    }
                }
            },
            {
                "to": {
                    "startLine": 15,
                    "startColumn": 4,
                    "startOffset": 1356,
                    "endColumn": 99,
                    "endOffset": 1451
                },
                "from": {
                    "file": "C:\\Users\\ADMIN\\.android\\build-cache\\95f3ac9d8d29c858841e3e7390a95721f395d906\\output\\res\\values-km-rKH\\values-km-rKH.xml",
                    "position": {
                        "startLine": 15,
                        "startColumn": 4,
                        "startOffset": 1356,
                        "endColumn": 99,
                        "endOffset": 1451
                    }
                }
            },
            {
                "to": {
                    "startLine": 16,
                    "startColumn": 4,
                    "startOffset": 1456,
                    "endColumn": 109,
                    "endOffset": 1561
                },
                "from": {
                    "file": "C:\\Users\\ADMIN\\.android\\build-cache\\95f3ac9d8d29c858841e3e7390a95721f395d906\\output\\res\\values-km-rKH\\values-km-rKH.xml",
                    "position": {
                        "startLine": 16,
                        "startColumn": 4,
                        "startOffset": 1456,
                        "endColumn": 109,
                        "endOffset": 1561
                    }
                }
            },
            {
                "to": {
                    "startLine": 17,
                    "startColumn": 4,
                    "startOffset": 1566,
                    "endColumn": 106,
                    "endOffset": 1668
                },
                "from": {
                    "file": "C:\\Users\\ADMIN\\.android\\build-cache\\95f3ac9d8d29c858841e3e7390a95721f395d906\\output\\res\\values-km-rKH\\values-km-rKH.xml",
                    "position": {
                        "startLine": 17,
                        "startColumn": 4,
                        "startOffset": 1566,
                        "endColumn": 106,
                        "endOffset": 1668
                    }
                }
            },
            {
                "to": {
                    "startLine": 18,
                    "startColumn": 4,
                    "startOffset": 1673,
                    "endColumn": 107,
                    "endOffset": 1776
                },
                "from": {
                    "file": "C:\\Users\\ADMIN\\.android\\build-cache\\95f3ac9d8d29c858841e3e7390a95721f395d906\\output\\res\\values-km-rKH\\values-km-rKH.xml",
                    "position": {
                        "startLine": 18,
                        "startColumn": 4,
                        "startOffset": 1673,
                        "endColumn": 107,
                        "endOffset": 1776
                    }
                }
            },
            {
                "to": {
                    "startLine": 19,
                    "startColumn": 4,
                    "startOffset": 1781,
                    "endColumn": 122,
                    "endOffset": 1899
                },
                "from": {
                    "file": "C:\\Users\\ADMIN\\.android\\build-cache\\95f3ac9d8d29c858841e3e7390a95721f395d906\\output\\res\\values-km-rKH\\values-km-rKH.xml",
                    "position": {
                        "startLine": 19,
                        "startColumn": 4,
                        "startOffset": 1781,
                        "endColumn": 122,
                        "endOffset": 1899
                    }
                }
            },
            {
                "to": {
                    "startLine": 20,
                    "startColumn": 4,
                    "startOffset": 1904,
                    "endColumn": 97,
                    "endOffset": 1997
                },
                "from": {
                    "file": "C:\\Users\\ADMIN\\.android\\build-cache\\95f3ac9d8d29c858841e3e7390a95721f395d906\\output\\res\\values-km-rKH\\values-km-rKH.xml",
                    "position": {
                        "startLine": 20,
                        "startColumn": 4,
                        "startOffset": 1904,
                        "endColumn": 97,
                        "endOffset": 1997
                    }
                }
            },
            {
                "to": {
                    "startLine": 21,
                    "startColumn": 4,
                    "startOffset": 2002,
                    "endColumn": 106,
                    "endOffset": 2104
                },
                "from": {
                    "file": "C:\\Users\\ADMIN\\.android\\build-cache\\a2b3d40b12d9610bee7ce2deaedc414c5fd6b5b0\\output\\res\\values-km-rKH\\values-km-rKH.xml",
                    "position": {
                        "startLine": 4,
                        "startColumn": 4,
                        "startOffset": 282,
                        "endColumn": 106,
                        "endOffset": 384
                    }
                }
            },
            {
                "to": {
                    "startLine": 22,
                    "startColumn": 4,
                    "startOffset": 2109,
                    "endColumn": 114,
                    "endOffset": 2219
                },
                "from": {
                    "file": "C:\\Users\\ADMIN\\.android\\build-cache\\a2b3d40b12d9610bee7ce2deaedc414c5fd6b5b0\\output\\res\\values-km-rKH\\values-km-rKH.xml",
                    "position": {
                        "startLine": 5,
                        "startColumn": 4,
                        "startOffset": 389,
                        "endColumn": 114,
                        "endOffset": 499
                    }
                }
            },
            {
                "to": {
                    "startLine": 23,
                    "startColumn": 4,
                    "startOffset": 2224,
                    "endColumn": 100,
                    "endOffset": 2320
                },
                "from": {
                    "file": "C:\\Users\\ADMIN\\.android\\build-cache\\a2b3d40b12d9610bee7ce2deaedc414c5fd6b5b0\\output\\res\\values-km-rKH\\values-km-rKH.xml",
                    "position": {
                        "startLine": 6,
                        "startColumn": 4,
                        "startOffset": 504,
                        "endColumn": 100,
                        "endOffset": 600
                    }
                }
            },
            {
                "to": {
                    "startLine": 24,
                    "startColumn": 4,
                    "startOffset": 2325,
                    "endColumn": 100,
                    "endOffset": 2421
                },
                "from": {
                    "file": "C:\\Users\\ADMIN\\.android\\build-cache\\a2b3d40b12d9610bee7ce2deaedc414c5fd6b5b0\\output\\res\\values-km-rKH\\values-km-rKH.xml",
                    "position": {
                        "startLine": 7,
                        "startColumn": 4,
                        "startOffset": 605,
                        "endColumn": 100,
                        "endOffset": 701
                    }
                }
            },
            {
                "to": {
                    "startLine": 25,
                    "startColumn": 4,
                    "startOffset": 2426,
                    "endColumn": 117,
                    "endOffset": 2539
                },
                "from": {
                    "file": "C:\\Users\\ADMIN\\.android\\build-cache\\a2b3d40b12d9610bee7ce2deaedc414c5fd6b5b0\\output\\res\\values-km-rKH\\values-km-rKH.xml",
                    "position": {
                        "startLine": 8,
                        "startColumn": 4,
                        "startOffset": 706,
                        "endColumn": 117,
                        "endOffset": 819
                    }
                }
            },
            {
                "to": {
                    "startLine": 26,
                    "startColumn": 4,
                    "startOffset": 2544,
                    "endColumn": 95,
                    "endOffset": 2635
                },
                "from": {
                    "file": "C:\\Users\\ADMIN\\.android\\build-cache\\a2b3d40b12d9610bee7ce2deaedc414c5fd6b5b0\\output\\res\\values-km-rKH\\values-km-rKH.xml",
                    "position": {
                        "startLine": 9,
                        "startColumn": 4,
                        "startOffset": 824,
                        "endColumn": 95,
                        "endOffset": 915
                    }
                }
            },
            {
                "to": {
                    "startLine": 27,
                    "startColumn": 4,
                    "startOffset": 2640,
                    "endColumn": 93,
                    "endOffset": 2729
                },
                "from": {
                    "file": "C:\\Users\\ADMIN\\.android\\build-cache\\a2b3d40b12d9610bee7ce2deaedc414c5fd6b5b0\\output\\res\\values-km-rKH\\values-km-rKH.xml",
                    "position": {
                        "startLine": 10,
                        "startColumn": 4,
                        "startOffset": 920,
                        "endColumn": 93,
                        "endOffset": 1009
                    }
                }
            },
            {
                "to": {
                    "startLine": 28,
                    "startColumn": 4,
                    "startOffset": 2734,
                    "endColumn": 117,
                    "endOffset": 2847
                },
                "from": {
                    "file": "C:\\Users\\ADMIN\\.android\\build-cache\\a2b3d40b12d9610bee7ce2deaedc414c5fd6b5b0\\output\\res\\values-km-rKH\\values-km-rKH.xml",
                    "position": {
                        "startLine": 11,
                        "startColumn": 4,
                        "startOffset": 1014,
                        "endColumn": 117,
                        "endOffset": 1127
                    }
                }
            },
            {
                "to": {
                    "startLine": 29,
                    "startColumn": 4,
                    "startOffset": 2852,
                    "endColumn": 101,
                    "endOffset": 2949
                },
                "from": {
                    "file": "C:\\Users\\ADMIN\\.android\\build-cache\\a2b3d40b12d9610bee7ce2deaedc414c5fd6b5b0\\output\\res\\values-km-rKH\\values-km-rKH.xml",
                    "position": {
                        "startLine": 12,
                        "startColumn": 4,
                        "startOffset": 1132,
                        "endColumn": 101,
                        "endOffset": 1229
                    }
                }
            },
            {
                "to": {
                    "startLine": 30,
                    "startColumn": 4,
                    "startOffset": 2954,
                    "endColumn": 87,
                    "endOffset": 3037
                },
                "from": {
                    "file": "C:\\Users\\ADMIN\\.android\\build-cache\\a2b3d40b12d9610bee7ce2deaedc414c5fd6b5b0\\output\\res\\values-km-rKH\\values-km-rKH.xml",
                    "position": {
                        "startLine": 13,
                        "startColumn": 4,
                        "startOffset": 1234,
                        "endColumn": 87,
                        "endOffset": 1317
                    }
                }
            },
            {
                "to": {
                    "startLine": 31,
                    "startColumn": 4,
                    "startOffset": 3042,
                    "endColumn": 92,
                    "endOffset": 3130
                },
                "from": {
                    "file": "C:\\Users\\ADMIN\\.android\\build-cache\\a2b3d40b12d9610bee7ce2deaedc414c5fd6b5b0\\output\\res\\values-km-rKH\\values-km-rKH.xml",
                    "position": {
                        "startLine": 14,
                        "startColumn": 4,
                        "startOffset": 1322,
                        "endColumn": 92,
                        "endOffset": 1410
                    }
                }
            },
            {
                "to": {
                    "startLine": 32,
                    "startColumn": 4,
                    "startOffset": 3135,
                    "endColumn": 82,
                    "endOffset": 3213
                },
                "from": {
                    "file": "C:\\Users\\ADMIN\\.android\\build-cache\\95f3ac9d8d29c858841e3e7390a95721f395d906\\output\\res\\values-km-rKH\\values-km-rKH.xml",
                    "position": {
                        "startLine": 21,
                        "startColumn": 4,
                        "startOffset": 2002,
                        "endColumn": 82,
                        "endOffset": 2080
                    }
                }
            },
            {
                "to": {
                    "startLine": 33,
                    "startColumn": 4,
                    "startOffset": 3218,
                    "endColumn": 100,
                    "endOffset": 3314
                },
                "from": {
                    "file": "C:\\Users\\ADMIN\\.android\\build-cache\\95f3ac9d8d29c858841e3e7390a95721f395d906\\output\\res\\values-km-rKH\\values-km-rKH.xml",
                    "position": {
                        "startLine": 22,
                        "startColumn": 4,
                        "startOffset": 2085,
                        "endColumn": 100,
                        "endOffset": 2181
                    }
                }
            }
        ]
    },
    {
        "outputFile": "D:\\Project Work\\Call recorder\\CallRecorder\\app\\build\\intermediates\\incremental\\mergeDebugResources\\merged.dir\\values-km-rKH\\values-km-rKH.xml",
        "map": [
            {
                "to": {
                    "startLine": 2,
                    "startColumn": 4,
                    "startOffset": 55,
                    "endColumn": 102,
                    "endOffset": 153
                },
                "from": {
                    "file": "C:\\Users\\VIJAY\\.android\\build-cache\\95f3ac9d8d29c858841e3e7390a95721f395d906\\output\\res\\values-km-rKH\\values-km-rKH.xml",
                    "position": {
                        "startLine": 2,
                        "startColumn": 4,
                        "startOffset": 55,
                        "endColumn": 102,
                        "endOffset": 153
                    }
                }
            },
            {
                "to": {
                    "startLine": 3,
                    "startColumn": 4,
                    "startOffset": 158,
                    "endColumn": 107,
                    "endOffset": 261
                },
                "from": {
                    "file": "C:\\Users\\VIJAY\\.android\\build-cache\\95f3ac9d8d29c858841e3e7390a95721f395d906\\output\\res\\values-km-rKH\\values-km-rKH.xml",
                    "position": {
                        "startLine": 3,
                        "startColumn": 4,
                        "startOffset": 158,
                        "endColumn": 107,
                        "endOffset": 261
                    }
                }
            },
            {
                "to": {
                    "startLine": 4,
                    "startColumn": 4,
                    "startOffset": 266,
                    "endColumn": 122,
                    "endOffset": 384
                },
                "from": {
                    "file": "C:\\Users\\VIJAY\\.android\\build-cache\\95f3ac9d8d29c858841e3e7390a95721f395d906\\output\\res\\values-km-rKH\\values-km-rKH.xml",
                    "position": {
                        "startLine": 4,
                        "startColumn": 4,
                        "startOffset": 266,
                        "endColumn": 122,
                        "endOffset": 384
                    }
                }
            },
            {
                "to": {
                    "startLine": 5,
                    "startColumn": 4,
                    "startOffset": 389,
                    "endColumn": 99,
                    "endOffset": 484
                },
                "from": {
                    "file": "C:\\Users\\VIJAY\\.android\\build-cache\\95f3ac9d8d29c858841e3e7390a95721f395d906\\output\\res\\values-km-rKH\\values-km-rKH.xml",
                    "position": {
                        "startLine": 5,
                        "startColumn": 4,
                        "startOffset": 389,
                        "endColumn": 99,
                        "endOffset": 484
                    }
                }
            },
            {
                "to": {
                    "startLine": 6,
                    "startColumn": 4,
                    "startOffset": 489,
                    "endColumn": 111,
                    "endOffset": 596
                },
                "from": {
                    "file": "C:\\Users\\VIJAY\\.android\\build-cache\\95f3ac9d8d29c858841e3e7390a95721f395d906\\output\\res\\values-km-rKH\\values-km-rKH.xml",
                    "position": {
                        "startLine": 6,
                        "startColumn": 4,
                        "startOffset": 489,
                        "endColumn": 111,
                        "endOffset": 596
                    }
                }
            },
            {
                "to": {
                    "startLine": 7,
                    "startColumn": 4,
                    "startOffset": 601,
                    "endColumn": 86,
                    "endOffset": 683
                },
                "from": {
                    "file": "C:\\Users\\VIJAY\\.android\\build-cache\\95f3ac9d8d29c858841e3e7390a95721f395d906\\output\\res\\values-km-rKH\\values-km-rKH.xml",
                    "position": {
                        "startLine": 7,
                        "startColumn": 4,
                        "startOffset": 601,
                        "endColumn": 86,
                        "endOffset": 683
                    }
                }
            },
            {
                "to": {
                    "startLine": 8,
                    "startColumn": 4,
                    "startOffset": 688,
                    "endColumn": 103,
                    "endOffset": 787
                },
                "from": {
                    "file": "C:\\Users\\VIJAY\\.android\\build-cache\\95f3ac9d8d29c858841e3e7390a95721f395d906\\output\\res\\values-km-rKH\\values-km-rKH.xml",
                    "position": {
                        "startLine": 8,
                        "startColumn": 4,
                        "startOffset": 688,
                        "endColumn": 103,
                        "endOffset": 787
                    }
                }
            },
            {
                "to": {
                    "startLine": 9,
                    "startColumn": 4,
                    "startOffset": 792,
                    "endColumn": 117,
                    "endOffset": 905
                },
                "from": {
                    "file": "C:\\Users\\VIJAY\\.android\\build-cache\\95f3ac9d8d29c858841e3e7390a95721f395d906\\output\\res\\values-km-rKH\\values-km-rKH.xml",
                    "position": {
                        "startLine": 9,
                        "startColumn": 4,
                        "startOffset": 792,
                        "endColumn": 117,
                        "endOffset": 905
                    }
                }
            },
            {
                "to": {
                    "startLine": 10,
                    "startColumn": 4,
                    "startOffset": 910,
                    "endColumn": 76,
                    "endOffset": 982
                },
                "from": {
                    "file": "C:\\Users\\VIJAY\\.android\\build-cache\\95f3ac9d8d29c858841e3e7390a95721f395d906\\output\\res\\values-km-rKH\\values-km-rKH.xml",
                    "position": {
                        "startLine": 10,
                        "startColumn": 4,
                        "startOffset": 910,
                        "endColumn": 76,
                        "endOffset": 982
                    }
                }
            },
            {
                "to": {
                    "startLine": 11,
                    "startColumn": 4,
                    "startOffset": 987,
                    "endColumn": 76,
                    "endOffset": 1059
                },
                "from": {
                    "file": "C:\\Users\\VIJAY\\.android\\build-cache\\95f3ac9d8d29c858841e3e7390a95721f395d906\\output\\res\\values-km-rKH\\values-km-rKH.xml",
                    "position": {
                        "startLine": 11,
                        "startColumn": 4,
                        "startOffset": 987,
                        "endColumn": 76,
                        "endOffset": 1059
                    }
                }
            },
            {
                "to": {
                    "startLine": 12,
                    "startColumn": 4,
                    "startOffset": 1064,
                    "endColumn": 82,
                    "endOffset": 1142
                },
                "from": {
                    "file": "C:\\Users\\VIJAY\\.android\\build-cache\\95f3ac9d8d29c858841e3e7390a95721f395d906\\output\\res\\values-km-rKH\\values-km-rKH.xml",
                    "position": {
                        "startLine": 12,
                        "startColumn": 4,
                        "startOffset": 1064,
                        "endColumn": 82,
                        "endOffset": 1142
                    }
                }
            },
            {
                "to": {
                    "startLine": 13,
                    "startColumn": 4,
                    "startOffset": 1147,
                    "endColumn": 103,
                    "endOffset": 1246
                },
                "from": {
                    "file": "C:\\Users\\VIJAY\\.android\\build-cache\\95f3ac9d8d29c858841e3e7390a95721f395d906\\output\\res\\values-km-rKH\\values-km-rKH.xml",
                    "position": {
                        "startLine": 13,
                        "startColumn": 4,
                        "startOffset": 1147,
                        "endColumn": 103,
                        "endOffset": 1246
                    }
                }
            },
            {
                "to": {
                    "startLine": 14,
                    "startColumn": 4,
                    "startOffset": 1251,
                    "endColumn": 104,
                    "endOffset": 1351
                },
                "from": {
                    "file": "C:\\Users\\VIJAY\\.android\\build-cache\\95f3ac9d8d29c858841e3e7390a95721f395d906\\output\\res\\values-km-rKH\\values-km-rKH.xml",
                    "position": {
                        "startLine": 14,
                        "startColumn": 4,
                        "startOffset": 1251,
                        "endColumn": 104,
                        "endOffset": 1351
                    }
                }
            },
            {
                "to": {
                    "startLine": 15,
                    "startColumn": 4,
                    "startOffset": 1356,
                    "endColumn": 99,
                    "endOffset": 1451
                },
                "from": {
                    "file": "C:\\Users\\VIJAY\\.android\\build-cache\\95f3ac9d8d29c858841e3e7390a95721f395d906\\output\\res\\values-km-rKH\\values-km-rKH.xml",
                    "position": {
                        "startLine": 15,
                        "startColumn": 4,
                        "startOffset": 1356,
                        "endColumn": 99,
                        "endOffset": 1451
                    }
                }
            },
            {
                "to": {
                    "startLine": 16,
                    "startColumn": 4,
                    "startOffset": 1456,
                    "endColumn": 109,
                    "endOffset": 1561
                },
                "from": {
                    "file": "C:\\Users\\VIJAY\\.android\\build-cache\\95f3ac9d8d29c858841e3e7390a95721f395d906\\output\\res\\values-km-rKH\\values-km-rKH.xml",
                    "position": {
                        "startLine": 16,
                        "startColumn": 4,
                        "startOffset": 1456,
                        "endColumn": 109,
                        "endOffset": 1561
                    }
                }
            },
            {
                "to": {
                    "startLine": 17,
                    "startColumn": 4,
                    "startOffset": 1566,
                    "endColumn": 106,
                    "endOffset": 1668
                },
                "from": {
                    "file": "C:\\Users\\VIJAY\\.android\\build-cache\\95f3ac9d8d29c858841e3e7390a95721f395d906\\output\\res\\values-km-rKH\\values-km-rKH.xml",
                    "position": {
                        "startLine": 17,
                        "startColumn": 4,
                        "startOffset": 1566,
                        "endColumn": 106,
                        "endOffset": 1668
                    }
                }
            },
            {
                "to": {
                    "startLine": 18,
                    "startColumn": 4,
                    "startOffset": 1673,
                    "endColumn": 107,
                    "endOffset": 1776
                },
                "from": {
                    "file": "C:\\Users\\VIJAY\\.android\\build-cache\\95f3ac9d8d29c858841e3e7390a95721f395d906\\output\\res\\values-km-rKH\\values-km-rKH.xml",
                    "position": {
                        "startLine": 18,
                        "startColumn": 4,
                        "startOffset": 1673,
                        "endColumn": 107,
                        "endOffset": 1776
                    }
                }
            },
            {
                "to": {
                    "startLine": 19,
                    "startColumn": 4,
                    "startOffset": 1781,
                    "endColumn": 122,
                    "endOffset": 1899
                },
                "from": {
                    "file": "C:\\Users\\VIJAY\\.android\\build-cache\\95f3ac9d8d29c858841e3e7390a95721f395d906\\output\\res\\values-km-rKH\\values-km-rKH.xml",
                    "position": {
                        "startLine": 19,
                        "startColumn": 4,
                        "startOffset": 1781,
                        "endColumn": 122,
                        "endOffset": 1899
                    }
                }
            },
            {
                "to": {
                    "startLine": 20,
                    "startColumn": 4,
                    "startOffset": 1904,
                    "endColumn": 97,
                    "endOffset": 1997
                },
                "from": {
                    "file": "C:\\Users\\VIJAY\\.android\\build-cache\\95f3ac9d8d29c858841e3e7390a95721f395d906\\output\\res\\values-km-rKH\\values-km-rKH.xml",
                    "position": {
                        "startLine": 20,
                        "startColumn": 4,
                        "startOffset": 1904,
                        "endColumn": 97,
                        "endOffset": 1997
                    }
                }
            },
            {
                "to": {
                    "startLine": 21,
                    "startColumn": 4,
                    "startOffset": 2002,
                    "endColumn": 106,
                    "endOffset": 2104
                },
                "from": {
                    "file": "C:\\Users\\VIJAY\\.android\\build-cache\\a2b3d40b12d9610bee7ce2deaedc414c5fd6b5b0\\output\\res\\values-km-rKH\\values-km-rKH.xml",
                    "position": {
                        "startLine": 4,
                        "startColumn": 4,
                        "startOffset": 282,
                        "endColumn": 106,
                        "endOffset": 384
                    }
                }
            },
            {
                "to": {
                    "startLine": 22,
                    "startColumn": 4,
                    "startOffset": 2109,
                    "endColumn": 114,
                    "endOffset": 2219
                },
                "from": {
                    "file": "C:\\Users\\VIJAY\\.android\\build-cache\\a2b3d40b12d9610bee7ce2deaedc414c5fd6b5b0\\output\\res\\values-km-rKH\\values-km-rKH.xml",
                    "position": {
                        "startLine": 5,
                        "startColumn": 4,
                        "startOffset": 389,
                        "endColumn": 114,
                        "endOffset": 499
                    }
                }
            },
            {
                "to": {
                    "startLine": 23,
                    "startColumn": 4,
                    "startOffset": 2224,
                    "endColumn": 100,
                    "endOffset": 2320
                },
                "from": {
                    "file": "C:\\Users\\VIJAY\\.android\\build-cache\\a2b3d40b12d9610bee7ce2deaedc414c5fd6b5b0\\output\\res\\values-km-rKH\\values-km-rKH.xml",
                    "position": {
                        "startLine": 6,
                        "startColumn": 4,
                        "startOffset": 504,
                        "endColumn": 100,
                        "endOffset": 600
                    }
                }
            },
            {
                "to": {
                    "startLine": 24,
                    "startColumn": 4,
                    "startOffset": 2325,
                    "endColumn": 100,
                    "endOffset": 2421
                },
                "from": {
                    "file": "C:\\Users\\VIJAY\\.android\\build-cache\\a2b3d40b12d9610bee7ce2deaedc414c5fd6b5b0\\output\\res\\values-km-rKH\\values-km-rKH.xml",
                    "position": {
                        "startLine": 7,
                        "startColumn": 4,
                        "startOffset": 605,
                        "endColumn": 100,
                        "endOffset": 701
                    }
                }
            },
            {
                "to": {
                    "startLine": 25,
                    "startColumn": 4,
                    "startOffset": 2426,
                    "endColumn": 117,
                    "endOffset": 2539
                },
                "from": {
                    "file": "C:\\Users\\VIJAY\\.android\\build-cache\\a2b3d40b12d9610bee7ce2deaedc414c5fd6b5b0\\output\\res\\values-km-rKH\\values-km-rKH.xml",
                    "position": {
                        "startLine": 8,
                        "startColumn": 4,
                        "startOffset": 706,
                        "endColumn": 117,
                        "endOffset": 819
                    }
                }
            },
            {
                "to": {
                    "startLine": 26,
                    "startColumn": 4,
                    "startOffset": 2544,
                    "endColumn": 95,
                    "endOffset": 2635
                },
                "from": {
                    "file": "C:\\Users\\VIJAY\\.android\\build-cache\\a2b3d40b12d9610bee7ce2deaedc414c5fd6b5b0\\output\\res\\values-km-rKH\\values-km-rKH.xml",
                    "position": {
                        "startLine": 9,
                        "startColumn": 4,
                        "startOffset": 824,
                        "endColumn": 95,
                        "endOffset": 915
                    }
                }
            },
            {
                "to": {
                    "startLine": 27,
                    "startColumn": 4,
                    "startOffset": 2640,
                    "endColumn": 93,
                    "endOffset": 2729
                },
                "from": {
                    "file": "C:\\Users\\VIJAY\\.android\\build-cache\\a2b3d40b12d9610bee7ce2deaedc414c5fd6b5b0\\output\\res\\values-km-rKH\\values-km-rKH.xml",
                    "position": {
                        "startLine": 10,
                        "startColumn": 4,
                        "startOffset": 920,
                        "endColumn": 93,
                        "endOffset": 1009
                    }
                }
            },
            {
                "to": {
                    "startLine": 28,
                    "startColumn": 4,
                    "startOffset": 2734,
                    "endColumn": 117,
                    "endOffset": 2847
                },
                "from": {
                    "file": "C:\\Users\\VIJAY\\.android\\build-cache\\a2b3d40b12d9610bee7ce2deaedc414c5fd6b5b0\\output\\res\\values-km-rKH\\values-km-rKH.xml",
                    "position": {
                        "startLine": 11,
                        "startColumn": 4,
                        "startOffset": 1014,
                        "endColumn": 117,
                        "endOffset": 1127
                    }
                }
            },
            {
                "to": {
                    "startLine": 29,
                    "startColumn": 4,
                    "startOffset": 2852,
                    "endColumn": 101,
                    "endOffset": 2949
                },
                "from": {
                    "file": "C:\\Users\\VIJAY\\.android\\build-cache\\a2b3d40b12d9610bee7ce2deaedc414c5fd6b5b0\\output\\res\\values-km-rKH\\values-km-rKH.xml",
                    "position": {
                        "startLine": 12,
                        "startColumn": 4,
                        "startOffset": 1132,
                        "endColumn": 101,
                        "endOffset": 1229
                    }
                }
            },
            {
                "to": {
                    "startLine": 30,
                    "startColumn": 4,
                    "startOffset": 2954,
                    "endColumn": 87,
                    "endOffset": 3037
                },
                "from": {
                    "file": "C:\\Users\\VIJAY\\.android\\build-cache\\a2b3d40b12d9610bee7ce2deaedc414c5fd6b5b0\\output\\res\\values-km-rKH\\values-km-rKH.xml",
                    "position": {
                        "startLine": 13,
                        "startColumn": 4,
                        "startOffset": 1234,
                        "endColumn": 87,
                        "endOffset": 1317
                    }
                }
            },
            {
                "to": {
                    "startLine": 31,
                    "startColumn": 4,
                    "startOffset": 3042,
                    "endColumn": 92,
                    "endOffset": 3130
                },
                "from": {
                    "file": "C:\\Users\\VIJAY\\.android\\build-cache\\a2b3d40b12d9610bee7ce2deaedc414c5fd6b5b0\\output\\res\\values-km-rKH\\values-km-rKH.xml",
                    "position": {
                        "startLine": 14,
                        "startColumn": 4,
                        "startOffset": 1322,
                        "endColumn": 92,
                        "endOffset": 1410
                    }
                }
            },
            {
                "to": {
                    "startLine": 32,
                    "startColumn": 4,
                    "startOffset": 3135,
                    "endColumn": 82,
                    "endOffset": 3213
                },
                "from": {
                    "file": "C:\\Users\\VIJAY\\.android\\build-cache\\95f3ac9d8d29c858841e3e7390a95721f395d906\\output\\res\\values-km-rKH\\values-km-rKH.xml",
                    "position": {
                        "startLine": 21,
                        "startColumn": 4,
                        "startOffset": 2002,
                        "endColumn": 82,
                        "endOffset": 2080
                    }
                }
            },
            {
                "to": {
                    "startLine": 33,
                    "startColumn": 4,
                    "startOffset": 3218,
                    "endColumn": 100,
                    "endOffset": 3314
                },
                "from": {
                    "file": "C:\\Users\\VIJAY\\.android\\build-cache\\95f3ac9d8d29c858841e3e7390a95721f395d906\\output\\res\\values-km-rKH\\values-km-rKH.xml",
                    "position": {
                        "startLine": 22,
                        "startColumn": 4,
                        "startOffset": 2085,
                        "endColumn": 100,
                        "endOffset": 2181
                    }
                }
            }
        ]
    }
]