[
    {
        "outputFile": "E:\\Android Studio\\Call recorders\\asfak\\CallRecorder\\app\\build\\intermediates\\incremental\\mergeDebugResources\\merged.dir\\values-kk-rKZ\\values-kk-rKZ.xml",
        "map": [
            {
                "to": {
                    "startLine": 2,
                    "startColumn": 4,
                    "startOffset": 55,
                    "endColumn": 111,
                    "endOffset": 162
                },
                "from": {
                    "file": "C:\\Users\\ADMIN\\.android\\build-cache\\95f3ac9d8d29c858841e3e7390a95721f395d906\\output\\res\\values-kk-rKZ\\values-kk-rKZ.xml",
                    "position": {
                        "startLine": 2,
                        "startColumn": 4,
                        "startOffset": 55,
                        "endColumn": 111,
                        "endOffset": 162
                    }
                }
            },
            {
                "to": {
                    "startLine": 3,
                    "startColumn": 4,
                    "startOffset": 167,
                    "endColumn": 107,
                    "endOffset": 270
                },
                "from": {
                    "file": "C:\\Users\\ADMIN\\.android\\build-cache\\95f3ac9d8d29c858841e3e7390a95721f395d906\\output\\res\\values-kk-rKZ\\values-kk-rKZ.xml",
                    "position": {
                        "startLine": 3,
                        "startColumn": 4,
                        "startOffset": 167,
                        "endColumn": 107,
                        "endOffset": 270
                    }
                }
            },
            {
                "to": {
                    "startLine": 4,
                    "startColumn": 4,
                    "startOffset": 275,
                    "endColumn": 122,
                    "endOffset": 393
                },
                "from": {
                    "file": "C:\\Users\\ADMIN\\.android\\build-cache\\95f3ac9d8d29c858841e3e7390a95721f395d906\\output\\res\\values-kk-rKZ\\values-kk-rKZ.xml",
                    "position": {
                        "startLine": 4,
                        "startColumn": 4,
                        "startOffset": 275,
                        "endColumn": 122,
                        "endOffset": 393
                    }
                }
            },
            {
                "to": {
                    "startLine": 5,
                    "startColumn": 4,
                    "startOffset": 398,
                    "endColumn": 102,
                    "endOffset": 496
                },
                "from": {
                    "file": "C:\\Users\\ADMIN\\.android\\build-cache\\95f3ac9d8d29c858841e3e7390a95721f395d906\\output\\res\\values-kk-rKZ\\values-kk-rKZ.xml",
                    "position": {
                        "startLine": 5,
                        "startColumn": 4,
                        "startOffset": 398,
                        "endColumn": 102,
                        "endOffset": 496
                    }
                }
            },
            {
                "to": {
                    "startLine": 6,
                    "startColumn": 4,
                    "startOffset": 501,
                    "endColumn": 109,
                    "endOffset": 606
                },
                "from": {
                    "file": "C:\\Users\\ADMIN\\.android\\build-cache\\95f3ac9d8d29c858841e3e7390a95721f395d906\\output\\res\\values-kk-rKZ\\values-kk-rKZ.xml",
                    "position": {
                        "startLine": 6,
                        "startColumn": 4,
                        "startOffset": 501,
                        "endColumn": 109,
                        "endOffset": 606
                    }
                }
            },
            {
                "to": {
                    "startLine": 7,
                    "startColumn": 4,
                    "startOffset": 611,
                    "endColumn": 84,
                    "endOffset": 691
                },
                "from": {
                    "file": "C:\\Users\\ADMIN\\.android\\build-cache\\95f3ac9d8d29c858841e3e7390a95721f395d906\\output\\res\\values-kk-rKZ\\values-kk-rKZ.xml",
                    "position": {
                        "startLine": 7,
                        "startColumn": 4,
                        "startOffset": 611,
                        "endColumn": 84,
                        "endOffset": 691
                    }
                }
            },
            {
                "to": {
                    "startLine": 8,
                    "startColumn": 4,
                    "startOffset": 696,
                    "endColumn": 105,
                    "endOffset": 797
                },
                "from": {
                    "file": "C:\\Users\\ADMIN\\.android\\build-cache\\95f3ac9d8d29c858841e3e7390a95721f395d906\\output\\res\\values-kk-rKZ\\values-kk-rKZ.xml",
                    "position": {
                        "startLine": 8,
                        "startColumn": 4,
                        "startOffset": 696,
                        "endColumn": 105,
                        "endOffset": 797
                    }
                }
            },
            {
                "to": {
                    "startLine": 9,
                    "startColumn": 4,
                    "startOffset": 802,
                    "endColumn": 118,
                    "endOffset": 916
                },
                "from": {
                    "file": "C:\\Users\\ADMIN\\.android\\build-cache\\95f3ac9d8d29c858841e3e7390a95721f395d906\\output\\res\\values-kk-rKZ\\values-kk-rKZ.xml",
                    "position": {
                        "startLine": 9,
                        "startColumn": 4,
                        "startOffset": 802,
                        "endColumn": 118,
                        "endOffset": 916
                    }
                }
            },
            {
                "to": {
                    "startLine": 10,
                    "startColumn": 4,
                    "startOffset": 921,
                    "endColumn": 80,
                    "endOffset": 997
                },
                "from": {
                    "file": "C:\\Users\\ADMIN\\.android\\build-cache\\95f3ac9d8d29c858841e3e7390a95721f395d906\\output\\res\\values-kk-rKZ\\values-kk-rKZ.xml",
                    "position": {
                        "startLine": 10,
                        "startColumn": 4,
                        "startOffset": 921,
                        "endColumn": 80,
                        "endOffset": 997
                    }
                }
            },
            {
                "to": {
                    "startLine": 11,
                    "startColumn": 4,
                    "startOffset": 1002,
                    "endColumn": 79,
                    "endOffset": 1077
                },
                "from": {
                    "file": "C:\\Users\\ADMIN\\.android\\build-cache\\95f3ac9d8d29c858841e3e7390a95721f395d906\\output\\res\\values-kk-rKZ\\values-kk-rKZ.xml",
                    "position": {
                        "startLine": 11,
                        "startColumn": 4,
                        "startOffset": 1002,
                        "endColumn": 79,
                        "endOffset": 1077
                    }
                }
            },
            {
                "to": {
                    "startLine": 12,
                    "startColumn": 4,
                    "startOffset": 1082,
                    "endColumn": 80,
                    "endOffset": 1158
                },
                "from": {
                    "file": "C:\\Users\\ADMIN\\.android\\build-cache\\95f3ac9d8d29c858841e3e7390a95721f395d906\\output\\res\\values-kk-rKZ\\values-kk-rKZ.xml",
                    "position": {
                        "startLine": 12,
                        "startColumn": 4,
                        "startOffset": 1082,
                        "endColumn": 80,
                        "endOffset": 1158
                    }
                }
            },
            {
                "to": {
                    "startLine": 13,
                    "startColumn": 4,
                    "startOffset": 1163,
                    "endColumn": 102,
                    "endOffset": 1261
                },
                "from": {
                    "file": "C:\\Users\\ADMIN\\.android\\build-cache\\95f3ac9d8d29c858841e3e7390a95721f395d906\\output\\res\\values-kk-rKZ\\values-kk-rKZ.xml",
                    "position": {
                        "startLine": 13,
                        "startColumn": 4,
                        "startOffset": 1163,
                        "endColumn": 102,
                        "endOffset": 1261
                    }
                }
            },
            {
                "to": {
                    "startLine": 14,
                    "startColumn": 4,
                    "startOffset": 1266,
                    "endColumn": 104,
                    "endOffset": 1366
                },
                "from": {
                    "file": "C:\\Users\\ADMIN\\.android\\build-cache\\95f3ac9d8d29c858841e3e7390a95721f395d906\\output\\res\\values-kk-rKZ\\values-kk-rKZ.xml",
                    "position": {
                        "startLine": 14,
                        "startColumn": 4,
                        "startOffset": 1266,
                        "endColumn": 104,
                        "endOffset": 1366
                    }
                }
            },
            {
                "to": {
                    "startLine": 15,
                    "startColumn": 4,
                    "startOffset": 1371,
                    "endColumn": 97,
                    "endOffset": 1464
                },
                "from": {
                    "file": "C:\\Users\\ADMIN\\.android\\build-cache\\95f3ac9d8d29c858841e3e7390a95721f395d906\\output\\res\\values-kk-rKZ\\values-kk-rKZ.xml",
                    "position": {
                        "startLine": 15,
                        "startColumn": 4,
                        "startOffset": 1371,
                        "endColumn": 97,
                        "endOffset": 1464
                    }
                }
            },
            {
                "to": {
                    "startLine": 16,
                    "startColumn": 4,
                    "startOffset": 1469,
                    "endColumn": 106,
                    "endOffset": 1571
                },
                "from": {
                    "file": "C:\\Users\\ADMIN\\.android\\build-cache\\95f3ac9d8d29c858841e3e7390a95721f395d906\\output\\res\\values-kk-rKZ\\values-kk-rKZ.xml",
                    "position": {
                        "startLine": 16,
                        "startColumn": 4,
                        "startOffset": 1469,
                        "endColumn": 106,
                        "endOffset": 1571
                    }
                }
            },
            {
                "to": {
                    "startLine": 17,
                    "startColumn": 4,
                    "startOffset": 1576,
                    "endColumn": 108,
                    "endOffset": 1680
                },
                "from": {
                    "file": "C:\\Users\\ADMIN\\.android\\build-cache\\95f3ac9d8d29c858841e3e7390a95721f395d906\\output\\res\\values-kk-rKZ\\values-kk-rKZ.xml",
                    "position": {
                        "startLine": 17,
                        "startColumn": 4,
                        "startOffset": 1576,
                        "endColumn": 108,
                        "endOffset": 1680
                    }
                }
            },
            {
                "to": {
                    "startLine": 18,
                    "startColumn": 4,
                    "startOffset": 1685,
                    "endColumn": 99,
                    "endOffset": 1780
                },
                "from": {
                    "file": "C:\\Users\\ADMIN\\.android\\build-cache\\95f3ac9d8d29c858841e3e7390a95721f395d906\\output\\res\\values-kk-rKZ\\values-kk-rKZ.xml",
                    "position": {
                        "startLine": 18,
                        "startColumn": 4,
                        "startOffset": 1685,
                        "endColumn": 99,
                        "endOffset": 1780
                    }
                }
            },
            {
                "to": {
                    "startLine": 19,
                    "startColumn": 4,
                    "startOffset": 1785,
                    "endColumn": 114,
                    "endOffset": 1895
                },
                "from": {
                    "file": "C:\\Users\\ADMIN\\.android\\build-cache\\95f3ac9d8d29c858841e3e7390a95721f395d906\\output\\res\\values-kk-rKZ\\values-kk-rKZ.xml",
                    "position": {
                        "startLine": 19,
                        "startColumn": 4,
                        "startOffset": 1785,
                        "endColumn": 114,
                        "endOffset": 1895
                    }
                }
            },
            {
                "to": {
                    "startLine": 20,
                    "startColumn": 4,
                    "startOffset": 1900,
                    "endColumn": 98,
                    "endOffset": 1994
                },
                "from": {
                    "file": "C:\\Users\\ADMIN\\.android\\build-cache\\95f3ac9d8d29c858841e3e7390a95721f395d906\\output\\res\\values-kk-rKZ\\values-kk-rKZ.xml",
                    "position": {
                        "startLine": 20,
                        "startColumn": 4,
                        "startOffset": 1900,
                        "endColumn": 98,
                        "endOffset": 1994
                    }
                }
            },
            {
                "to": {
                    "startLine": 21,
                    "startColumn": 4,
                    "startOffset": 1999,
                    "endColumn": 113,
                    "endOffset": 2108
                },
                "from": {
                    "file": "C:\\Users\\ADMIN\\.android\\build-cache\\a2b3d40b12d9610bee7ce2deaedc414c5fd6b5b0\\output\\res\\values-kk-rKZ\\values-kk-rKZ.xml",
                    "position": {
                        "startLine": 4,
                        "startColumn": 4,
                        "startOffset": 282,
                        "endColumn": 113,
                        "endOffset": 391
                    }
                }
            },
            {
                "to": {
                    "startLine": 22,
                    "startColumn": 4,
                    "startOffset": 2113,
                    "endColumn": 112,
                    "endOffset": 2221
                },
                "from": {
                    "file": "C:\\Users\\ADMIN\\.android\\build-cache\\a2b3d40b12d9610bee7ce2deaedc414c5fd6b5b0\\output\\res\\values-kk-rKZ\\values-kk-rKZ.xml",
                    "position": {
                        "startLine": 5,
                        "startColumn": 4,
                        "startOffset": 396,
                        "endColumn": 112,
                        "endOffset": 504
                    }
                }
            },
            {
                "to": {
                    "startLine": 23,
                    "startColumn": 4,
                    "startOffset": 2226,
                    "endColumn": 103,
                    "endOffset": 2325
                },
                "from": {
                    "file": "C:\\Users\\ADMIN\\.android\\build-cache\\a2b3d40b12d9610bee7ce2deaedc414c5fd6b5b0\\output\\res\\values-kk-rKZ\\values-kk-rKZ.xml",
                    "position": {
                        "startLine": 6,
                        "startColumn": 4,
                        "startOffset": 509,
                        "endColumn": 103,
                        "endOffset": 608
                    }
                }
            },
            {
                "to": {
                    "startLine": 24,
                    "startColumn": 4,
                    "startOffset": 2330,
                    "endColumn": 101,
                    "endOffset": 2427
                },
                "from": {
                    "file": "C:\\Users\\ADMIN\\.android\\build-cache\\a2b3d40b12d9610bee7ce2deaedc414c5fd6b5b0\\output\\res\\values-kk-rKZ\\values-kk-rKZ.xml",
                    "position": {
                        "startLine": 7,
                        "startColumn": 4,
                        "startOffset": 613,
                        "endColumn": 101,
                        "endOffset": 710
                    }
                }
            },
            {
                "to": {
                    "startLine": 25,
                    "startColumn": 4,
                    "startOffset": 2432,
                    "endColumn": 124,
                    "endOffset": 2552
                },
                "from": {
                    "file": "C:\\Users\\ADMIN\\.android\\build-cache\\a2b3d40b12d9610bee7ce2deaedc414c5fd6b5b0\\output\\res\\values-kk-rKZ\\values-kk-rKZ.xml",
                    "position": {
                        "startLine": 8,
                        "startColumn": 4,
                        "startOffset": 715,
                        "endColumn": 124,
                        "endOffset": 835
                    }
                }
            },
            {
                "to": {
                    "startLine": 26,
                    "startColumn": 4,
                    "startOffset": 2557,
                    "endColumn": 97,
                    "endOffset": 2650
                },
                "from": {
                    "file": "C:\\Users\\ADMIN\\.android\\build-cache\\a2b3d40b12d9610bee7ce2deaedc414c5fd6b5b0\\output\\res\\values-kk-rKZ\\values-kk-rKZ.xml",
                    "position": {
                        "startLine": 9,
                        "startColumn": 4,
                        "startOffset": 840,
                        "endColumn": 97,
                        "endOffset": 933
                    }
                }
            },
            {
                "to": {
                    "startLine": 27,
                    "startColumn": 4,
                    "startOffset": 2655,
                    "endColumn": 95,
                    "endOffset": 2746
                },
                "from": {
                    "file": "C:\\Users\\ADMIN\\.android\\build-cache\\a2b3d40b12d9610bee7ce2deaedc414c5fd6b5b0\\output\\res\\values-kk-rKZ\\values-kk-rKZ.xml",
                    "position": {
                        "startLine": 10,
                        "startColumn": 4,
                        "startOffset": 938,
                        "endColumn": 95,
                        "endOffset": 1029
                    }
                }
            },
            {
                "to": {
                    "startLine": 28,
                    "startColumn": 4,
                    "startOffset": 2751,
                    "endColumn": 120,
                    "endOffset": 2867
                },
                "from": {
                    "file": "C:\\Users\\ADMIN\\.android\\build-cache\\a2b3d40b12d9610bee7ce2deaedc414c5fd6b5b0\\output\\res\\values-kk-rKZ\\values-kk-rKZ.xml",
                    "position": {
                        "startLine": 11,
                        "startColumn": 4,
                        "startOffset": 1034,
                        "endColumn": 120,
                        "endOffset": 1150
                    }
                }
            },
            {
                "to": {
                    "startLine": 29,
                    "startColumn": 4,
                    "startOffset": 2872,
                    "endColumn": 112,
                    "endOffset": 2980
                },
                "from": {
                    "file": "C:\\Users\\ADMIN\\.android\\build-cache\\a2b3d40b12d9610bee7ce2deaedc414c5fd6b5b0\\output\\res\\values-kk-rKZ\\values-kk-rKZ.xml",
                    "position": {
                        "startLine": 12,
                        "startColumn": 4,
                        "startOffset": 1155,
                        "endColumn": 112,
                        "endOffset": 1263
                    }
                }
            },
            {
                "to": {
                    "startLine": 30,
                    "startColumn": 4,
                    "startOffset": 2985,
                    "endColumn": 83,
                    "endOffset": 3064
                },
                "from": {
                    "file": "C:\\Users\\ADMIN\\.android\\build-cache\\a2b3d40b12d9610bee7ce2deaedc414c5fd6b5b0\\output\\res\\values-kk-rKZ\\values-kk-rKZ.xml",
                    "position": {
                        "startLine": 13,
                        "startColumn": 4,
                        "startOffset": 1268,
                        "endColumn": 83,
                        "endOffset": 1347
                    }
                }
            },
            {
                "to": {
                    "startLine": 31,
                    "startColumn": 4,
                    "startOffset": 3069,
                    "endColumn": 96,
                    "endOffset": 3161
                },
                "from": {
                    "file": "C:\\Users\\ADMIN\\.android\\build-cache\\a2b3d40b12d9610bee7ce2deaedc414c5fd6b5b0\\output\\res\\values-kk-rKZ\\values-kk-rKZ.xml",
                    "position": {
                        "startLine": 14,
                        "startColumn": 4,
                        "startOffset": 1352,
                        "endColumn": 96,
                        "endOffset": 1444
                    }
                }
            },
            {
                "to": {
                    "startLine": 32,
                    "startColumn": 4,
                    "startOffset": 3166,
                    "endColumn": 80,
                    "endOffset": 3242
                },
                "from": {
                    "file": "C:\\Users\\ADMIN\\.android\\build-cache\\95f3ac9d8d29c858841e3e7390a95721f395d906\\output\\res\\values-kk-rKZ\\values-kk-rKZ.xml",
                    "position": {
                        "startLine": 21,
                        "startColumn": 4,
                        "startOffset": 1999,
                        "endColumn": 80,
                        "endOffset": 2075
                    }
                }
            },
            {
                "to": {
                    "startLine": 33,
                    "startColumn": 4,
                    "startOffset": 3247,
                    "endColumn": 100,
                    "endOffset": 3343
                },
                "from": {
                    "file": "C:\\Users\\ADMIN\\.android\\build-cache\\95f3ac9d8d29c858841e3e7390a95721f395d906\\output\\res\\values-kk-rKZ\\values-kk-rKZ.xml",
                    "position": {
                        "startLine": 22,
                        "startColumn": 4,
                        "startOffset": 2080,
                        "endColumn": 100,
                        "endOffset": 2176
                    }
                }
            }
        ]
    },
    {
        "outputFile": "D:\\Project Work\\Call recorder\\CallRecorder\\app\\build\\intermediates\\incremental\\mergeDebugResources\\merged.dir\\values-kk-rKZ\\values-kk-rKZ.xml",
        "map": [
            {
                "to": {
                    "startLine": 2,
                    "startColumn": 4,
                    "startOffset": 55,
                    "endColumn": 111,
                    "endOffset": 162
                },
                "from": {
                    "file": "C:\\Users\\VIJAY\\.android\\build-cache\\95f3ac9d8d29c858841e3e7390a95721f395d906\\output\\res\\values-kk-rKZ\\values-kk-rKZ.xml",
                    "position": {
                        "startLine": 2,
                        "startColumn": 4,
                        "startOffset": 55,
                        "endColumn": 111,
                        "endOffset": 162
                    }
                }
            },
            {
                "to": {
                    "startLine": 3,
                    "startColumn": 4,
                    "startOffset": 167,
                    "endColumn": 107,
                    "endOffset": 270
                },
                "from": {
                    "file": "C:\\Users\\VIJAY\\.android\\build-cache\\95f3ac9d8d29c858841e3e7390a95721f395d906\\output\\res\\values-kk-rKZ\\values-kk-rKZ.xml",
                    "position": {
                        "startLine": 3,
                        "startColumn": 4,
                        "startOffset": 167,
                        "endColumn": 107,
                        "endOffset": 270
                    }
                }
            },
            {
                "to": {
                    "startLine": 4,
                    "startColumn": 4,
                    "startOffset": 275,
                    "endColumn": 122,
                    "endOffset": 393
                },
                "from": {
                    "file": "C:\\Users\\VIJAY\\.android\\build-cache\\95f3ac9d8d29c858841e3e7390a95721f395d906\\output\\res\\values-kk-rKZ\\values-kk-rKZ.xml",
                    "position": {
                        "startLine": 4,
                        "startColumn": 4,
                        "startOffset": 275,
                        "endColumn": 122,
                        "endOffset": 393
                    }
                }
            },
            {
                "to": {
                    "startLine": 5,
                    "startColumn": 4,
                    "startOffset": 398,
                    "endColumn": 102,
                    "endOffset": 496
                },
                "from": {
                    "file": "C:\\Users\\VIJAY\\.android\\build-cache\\95f3ac9d8d29c858841e3e7390a95721f395d906\\output\\res\\values-kk-rKZ\\values-kk-rKZ.xml",
                    "position": {
                        "startLine": 5,
                        "startColumn": 4,
                        "startOffset": 398,
                        "endColumn": 102,
                        "endOffset": 496
                    }
                }
            },
            {
                "to": {
                    "startLine": 6,
                    "startColumn": 4,
                    "startOffset": 501,
                    "endColumn": 109,
                    "endOffset": 606
                },
                "from": {
                    "file": "C:\\Users\\VIJAY\\.android\\build-cache\\95f3ac9d8d29c858841e3e7390a95721f395d906\\output\\res\\values-kk-rKZ\\values-kk-rKZ.xml",
                    "position": {
                        "startLine": 6,
                        "startColumn": 4,
                        "startOffset": 501,
                        "endColumn": 109,
                        "endOffset": 606
                    }
                }
            },
            {
                "to": {
                    "startLine": 7,
                    "startColumn": 4,
                    "startOffset": 611,
                    "endColumn": 84,
                    "endOffset": 691
                },
                "from": {
                    "file": "C:\\Users\\VIJAY\\.android\\build-cache\\95f3ac9d8d29c858841e3e7390a95721f395d906\\output\\res\\values-kk-rKZ\\values-kk-rKZ.xml",
                    "position": {
                        "startLine": 7,
                        "startColumn": 4,
                        "startOffset": 611,
                        "endColumn": 84,
                        "endOffset": 691
                    }
                }
            },
            {
                "to": {
                    "startLine": 8,
                    "startColumn": 4,
                    "startOffset": 696,
                    "endColumn": 105,
                    "endOffset": 797
                },
                "from": {
                    "file": "C:\\Users\\VIJAY\\.android\\build-cache\\95f3ac9d8d29c858841e3e7390a95721f395d906\\output\\res\\values-kk-rKZ\\values-kk-rKZ.xml",
                    "position": {
                        "startLine": 8,
                        "startColumn": 4,
                        "startOffset": 696,
                        "endColumn": 105,
                        "endOffset": 797
                    }
                }
            },
            {
                "to": {
                    "startLine": 9,
                    "startColumn": 4,
                    "startOffset": 802,
                    "endColumn": 118,
                    "endOffset": 916
                },
                "from": {
                    "file": "C:\\Users\\VIJAY\\.android\\build-cache\\95f3ac9d8d29c858841e3e7390a95721f395d906\\output\\res\\values-kk-rKZ\\values-kk-rKZ.xml",
                    "position": {
                        "startLine": 9,
                        "startColumn": 4,
                        "startOffset": 802,
                        "endColumn": 118,
                        "endOffset": 916
                    }
                }
            },
            {
                "to": {
                    "startLine": 10,
                    "startColumn": 4,
                    "startOffset": 921,
                    "endColumn": 80,
                    "endOffset": 997
                },
                "from": {
                    "file": "C:\\Users\\VIJAY\\.android\\build-cache\\95f3ac9d8d29c858841e3e7390a95721f395d906\\output\\res\\values-kk-rKZ\\values-kk-rKZ.xml",
                    "position": {
                        "startLine": 10,
                        "startColumn": 4,
                        "startOffset": 921,
                        "endColumn": 80,
                        "endOffset": 997
                    }
                }
            },
            {
                "to": {
                    "startLine": 11,
                    "startColumn": 4,
                    "startOffset": 1002,
                    "endColumn": 79,
                    "endOffset": 1077
                },
                "from": {
                    "file": "C:\\Users\\VIJAY\\.android\\build-cache\\95f3ac9d8d29c858841e3e7390a95721f395d906\\output\\res\\values-kk-rKZ\\values-kk-rKZ.xml",
                    "position": {
                        "startLine": 11,
                        "startColumn": 4,
                        "startOffset": 1002,
                        "endColumn": 79,
                        "endOffset": 1077
                    }
                }
            },
            {
                "to": {
                    "startLine": 12,
                    "startColumn": 4,
                    "startOffset": 1082,
                    "endColumn": 80,
                    "endOffset": 1158
                },
                "from": {
                    "file": "C:\\Users\\VIJAY\\.android\\build-cache\\95f3ac9d8d29c858841e3e7390a95721f395d906\\output\\res\\values-kk-rKZ\\values-kk-rKZ.xml",
                    "position": {
                        "startLine": 12,
                        "startColumn": 4,
                        "startOffset": 1082,
                        "endColumn": 80,
                        "endOffset": 1158
                    }
                }
            },
            {
                "to": {
                    "startLine": 13,
                    "startColumn": 4,
                    "startOffset": 1163,
                    "endColumn": 102,
                    "endOffset": 1261
                },
                "from": {
                    "file": "C:\\Users\\VIJAY\\.android\\build-cache\\95f3ac9d8d29c858841e3e7390a95721f395d906\\output\\res\\values-kk-rKZ\\values-kk-rKZ.xml",
                    "position": {
                        "startLine": 13,
                        "startColumn": 4,
                        "startOffset": 1163,
                        "endColumn": 102,
                        "endOffset": 1261
                    }
                }
            },
            {
                "to": {
                    "startLine": 14,
                    "startColumn": 4,
                    "startOffset": 1266,
                    "endColumn": 104,
                    "endOffset": 1366
                },
                "from": {
                    "file": "C:\\Users\\VIJAY\\.android\\build-cache\\95f3ac9d8d29c858841e3e7390a95721f395d906\\output\\res\\values-kk-rKZ\\values-kk-rKZ.xml",
                    "position": {
                        "startLine": 14,
                        "startColumn": 4,
                        "startOffset": 1266,
                        "endColumn": 104,
                        "endOffset": 1366
                    }
                }
            },
            {
                "to": {
                    "startLine": 15,
                    "startColumn": 4,
                    "startOffset": 1371,
                    "endColumn": 97,
                    "endOffset": 1464
                },
                "from": {
                    "file": "C:\\Users\\VIJAY\\.android\\build-cache\\95f3ac9d8d29c858841e3e7390a95721f395d906\\output\\res\\values-kk-rKZ\\values-kk-rKZ.xml",
                    "position": {
                        "startLine": 15,
                        "startColumn": 4,
                        "startOffset": 1371,
                        "endColumn": 97,
                        "endOffset": 1464
                    }
                }
            },
            {
                "to": {
                    "startLine": 16,
                    "startColumn": 4,
                    "startOffset": 1469,
                    "endColumn": 106,
                    "endOffset": 1571
                },
                "from": {
                    "file": "C:\\Users\\VIJAY\\.android\\build-cache\\95f3ac9d8d29c858841e3e7390a95721f395d906\\output\\res\\values-kk-rKZ\\values-kk-rKZ.xml",
                    "position": {
                        "startLine": 16,
                        "startColumn": 4,
                        "startOffset": 1469,
                        "endColumn": 106,
                        "endOffset": 1571
                    }
                }
            },
            {
                "to": {
                    "startLine": 17,
                    "startColumn": 4,
                    "startOffset": 1576,
                    "endColumn": 108,
                    "endOffset": 1680
                },
                "from": {
                    "file": "C:\\Users\\VIJAY\\.android\\build-cache\\95f3ac9d8d29c858841e3e7390a95721f395d906\\output\\res\\values-kk-rKZ\\values-kk-rKZ.xml",
                    "position": {
                        "startLine": 17,
                        "startColumn": 4,
                        "startOffset": 1576,
                        "endColumn": 108,
                        "endOffset": 1680
                    }
                }
            },
            {
                "to": {
                    "startLine": 18,
                    "startColumn": 4,
                    "startOffset": 1685,
                    "endColumn": 99,
                    "endOffset": 1780
                },
                "from": {
                    "file": "C:\\Users\\VIJAY\\.android\\build-cache\\95f3ac9d8d29c858841e3e7390a95721f395d906\\output\\res\\values-kk-rKZ\\values-kk-rKZ.xml",
                    "position": {
                        "startLine": 18,
                        "startColumn": 4,
                        "startOffset": 1685,
                        "endColumn": 99,
                        "endOffset": 1780
                    }
                }
            },
            {
                "to": {
                    "startLine": 19,
                    "startColumn": 4,
                    "startOffset": 1785,
                    "endColumn": 114,
                    "endOffset": 1895
                },
                "from": {
                    "file": "C:\\Users\\VIJAY\\.android\\build-cache\\95f3ac9d8d29c858841e3e7390a95721f395d906\\output\\res\\values-kk-rKZ\\values-kk-rKZ.xml",
                    "position": {
                        "startLine": 19,
                        "startColumn": 4,
                        "startOffset": 1785,
                        "endColumn": 114,
                        "endOffset": 1895
                    }
                }
            },
            {
                "to": {
                    "startLine": 20,
                    "startColumn": 4,
                    "startOffset": 1900,
                    "endColumn": 98,
                    "endOffset": 1994
                },
                "from": {
                    "file": "C:\\Users\\VIJAY\\.android\\build-cache\\95f3ac9d8d29c858841e3e7390a95721f395d906\\output\\res\\values-kk-rKZ\\values-kk-rKZ.xml",
                    "position": {
                        "startLine": 20,
                        "startColumn": 4,
                        "startOffset": 1900,
                        "endColumn": 98,
                        "endOffset": 1994
                    }
                }
            },
            {
                "to": {
                    "startLine": 21,
                    "startColumn": 4,
                    "startOffset": 1999,
                    "endColumn": 113,
                    "endOffset": 2108
                },
                "from": {
                    "file": "C:\\Users\\VIJAY\\.android\\build-cache\\a2b3d40b12d9610bee7ce2deaedc414c5fd6b5b0\\output\\res\\values-kk-rKZ\\values-kk-rKZ.xml",
                    "position": {
                        "startLine": 4,
                        "startColumn": 4,
                        "startOffset": 282,
                        "endColumn": 113,
                        "endOffset": 391
                    }
                }
            },
            {
                "to": {
                    "startLine": 22,
                    "startColumn": 4,
                    "startOffset": 2113,
                    "endColumn": 112,
                    "endOffset": 2221
                },
                "from": {
                    "file": "C:\\Users\\VIJAY\\.android\\build-cache\\a2b3d40b12d9610bee7ce2deaedc414c5fd6b5b0\\output\\res\\values-kk-rKZ\\values-kk-rKZ.xml",
                    "position": {
                        "startLine": 5,
                        "startColumn": 4,
                        "startOffset": 396,
                        "endColumn": 112,
                        "endOffset": 504
                    }
                }
            },
            {
                "to": {
                    "startLine": 23,
                    "startColumn": 4,
                    "startOffset": 2226,
                    "endColumn": 103,
                    "endOffset": 2325
                },
                "from": {
                    "file": "C:\\Users\\VIJAY\\.android\\build-cache\\a2b3d40b12d9610bee7ce2deaedc414c5fd6b5b0\\output\\res\\values-kk-rKZ\\values-kk-rKZ.xml",
                    "position": {
                        "startLine": 6,
                        "startColumn": 4,
                        "startOffset": 509,
                        "endColumn": 103,
                        "endOffset": 608
                    }
                }
            },
            {
                "to": {
                    "startLine": 24,
                    "startColumn": 4,
                    "startOffset": 2330,
                    "endColumn": 101,
                    "endOffset": 2427
                },
                "from": {
                    "file": "C:\\Users\\VIJAY\\.android\\build-cache\\a2b3d40b12d9610bee7ce2deaedc414c5fd6b5b0\\output\\res\\values-kk-rKZ\\values-kk-rKZ.xml",
                    "position": {
                        "startLine": 7,
                        "startColumn": 4,
                        "startOffset": 613,
                        "endColumn": 101,
                        "endOffset": 710
                    }
                }
            },
            {
                "to": {
                    "startLine": 25,
                    "startColumn": 4,
                    "startOffset": 2432,
                    "endColumn": 124,
                    "endOffset": 2552
                },
                "from": {
                    "file": "C:\\Users\\VIJAY\\.android\\build-cache\\a2b3d40b12d9610bee7ce2deaedc414c5fd6b5b0\\output\\res\\values-kk-rKZ\\values-kk-rKZ.xml",
                    "position": {
                        "startLine": 8,
                        "startColumn": 4,
                        "startOffset": 715,
                        "endColumn": 124,
                        "endOffset": 835
                    }
                }
            },
            {
                "to": {
                    "startLine": 26,
                    "startColumn": 4,
                    "startOffset": 2557,
                    "endColumn": 97,
                    "endOffset": 2650
                },
                "from": {
                    "file": "C:\\Users\\VIJAY\\.android\\build-cache\\a2b3d40b12d9610bee7ce2deaedc414c5fd6b5b0\\output\\res\\values-kk-rKZ\\values-kk-rKZ.xml",
                    "position": {
                        "startLine": 9,
                        "startColumn": 4,
                        "startOffset": 840,
                        "endColumn": 97,
                        "endOffset": 933
                    }
                }
            },
            {
                "to": {
                    "startLine": 27,
                    "startColumn": 4,
                    "startOffset": 2655,
                    "endColumn": 95,
                    "endOffset": 2746
                },
                "from": {
                    "file": "C:\\Users\\VIJAY\\.android\\build-cache\\a2b3d40b12d9610bee7ce2deaedc414c5fd6b5b0\\output\\res\\values-kk-rKZ\\values-kk-rKZ.xml",
                    "position": {
                        "startLine": 10,
                        "startColumn": 4,
                        "startOffset": 938,
                        "endColumn": 95,
                        "endOffset": 1029
                    }
                }
            },
            {
                "to": {
                    "startLine": 28,
                    "startColumn": 4,
                    "startOffset": 2751,
                    "endColumn": 120,
                    "endOffset": 2867
                },
                "from": {
                    "file": "C:\\Users\\VIJAY\\.android\\build-cache\\a2b3d40b12d9610bee7ce2deaedc414c5fd6b5b0\\output\\res\\values-kk-rKZ\\values-kk-rKZ.xml",
                    "position": {
                        "startLine": 11,
                        "startColumn": 4,
                        "startOffset": 1034,
                        "endColumn": 120,
                        "endOffset": 1150
                    }
                }
            },
            {
                "to": {
                    "startLine": 29,
                    "startColumn": 4,
                    "startOffset": 2872,
                    "endColumn": 112,
                    "endOffset": 2980
                },
                "from": {
                    "file": "C:\\Users\\VIJAY\\.android\\build-cache\\a2b3d40b12d9610bee7ce2deaedc414c5fd6b5b0\\output\\res\\values-kk-rKZ\\values-kk-rKZ.xml",
                    "position": {
                        "startLine": 12,
                        "startColumn": 4,
                        "startOffset": 1155,
                        "endColumn": 112,
                        "endOffset": 1263
                    }
                }
            },
            {
                "to": {
                    "startLine": 30,
                    "startColumn": 4,
                    "startOffset": 2985,
                    "endColumn": 83,
                    "endOffset": 3064
                },
                "from": {
                    "file": "C:\\Users\\VIJAY\\.android\\build-cache\\a2b3d40b12d9610bee7ce2deaedc414c5fd6b5b0\\output\\res\\values-kk-rKZ\\values-kk-rKZ.xml",
                    "position": {
                        "startLine": 13,
                        "startColumn": 4,
                        "startOffset": 1268,
                        "endColumn": 83,
                        "endOffset": 1347
                    }
                }
            },
            {
                "to": {
                    "startLine": 31,
                    "startColumn": 4,
                    "startOffset": 3069,
                    "endColumn": 96,
                    "endOffset": 3161
                },
                "from": {
                    "file": "C:\\Users\\VIJAY\\.android\\build-cache\\a2b3d40b12d9610bee7ce2deaedc414c5fd6b5b0\\output\\res\\values-kk-rKZ\\values-kk-rKZ.xml",
                    "position": {
                        "startLine": 14,
                        "startColumn": 4,
                        "startOffset": 1352,
                        "endColumn": 96,
                        "endOffset": 1444
                    }
                }
            },
            {
                "to": {
                    "startLine": 32,
                    "startColumn": 4,
                    "startOffset": 3166,
                    "endColumn": 80,
                    "endOffset": 3242
                },
                "from": {
                    "file": "C:\\Users\\VIJAY\\.android\\build-cache\\95f3ac9d8d29c858841e3e7390a95721f395d906\\output\\res\\values-kk-rKZ\\values-kk-rKZ.xml",
                    "position": {
                        "startLine": 21,
                        "startColumn": 4,
                        "startOffset": 1999,
                        "endColumn": 80,
                        "endOffset": 2075
                    }
                }
            },
            {
                "to": {
                    "startLine": 33,
                    "startColumn": 4,
                    "startOffset": 3247,
                    "endColumn": 100,
                    "endOffset": 3343
                },
                "from": {
                    "file": "C:\\Users\\VIJAY\\.android\\build-cache\\95f3ac9d8d29c858841e3e7390a95721f395d906\\output\\res\\values-kk-rKZ\\values-kk-rKZ.xml",
                    "position": {
                        "startLine": 22,
                        "startColumn": 4,
                        "startOffset": 2080,
                        "endColumn": 100,
                        "endOffset": 2176
                    }
                }
            }
        ]
    }
]