[
    {
        "outputFile": "D:\\Project Work\\Call recorder\\CallRecorder\\app\\build\\intermediates\\incremental\\mergeDebugResources\\merged.dir\\values-kk\\values-kk.xml",
        "map": [
            {
                "to": {
                    "startLine": 2,
                    "startColumn": 4,
                    "startOffset": 105,
                    "endColumn": 264,
                    "endOffset": 365
                },
                "from": {
                    "file": "C:\\Users\\VIJAY\\.android\\build-cache\\fe541dc57c9d228369ed2110591b9ddf40b761e0\\output\\res\\values-kk\\values.xml",
                    "position": {
                        "startLine": 4,
                        "startColumn": 4,
                        "startOffset": 323,
                        "endColumn": 264,
                        "endOffset": 583
                    }
                }
            },
            {
                "to": {
                    "startLine": 3,
                    "startColumn": 4,
                    "startOffset": 370,
                    "endColumn": 128,
                    "endOffset": 494
                },
                "from": {
                    "file": "C:\\Users\\VIJAY\\.android\\build-cache\\fe541dc57c9d228369ed2110591b9ddf40b761e0\\output\\res\\values-kk\\values.xml",
                    "position": {
                        "startLine": 5,
                        "startColumn": 4,
                        "startOffset": 588,
                        "endColumn": 128,
                        "endOffset": 712
                    }
                }
            },
            {
                "to": {
                    "startLine": 4,
                    "startColumn": 4,
                    "startOffset": 499,
                    "endColumn": 184,
                    "endOffset": 679
                },
                "from": {
                    "file": "C:\\Users\\VIJAY\\.android\\build-cache\\fe541dc57c9d228369ed2110591b9ddf40b761e0\\output\\res\\values-kk\\values.xml",
                    "position": {
                        "startLine": 6,
                        "startColumn": 4,
                        "startOffset": 717,
                        "endColumn": 184,
                        "endOffset": 897
                    }
                }
            },
            {
                "to": {
                    "startLine": 5,
                    "startColumn": 4,
                    "startOffset": 684,
                    "endColumn": 127,
                    "endOffset": 807
                },
                "from": {
                    "file": "C:\\Users\\VIJAY\\.android\\build-cache\\fe541dc57c9d228369ed2110591b9ddf40b761e0\\output\\res\\values-kk\\values.xml",
                    "position": {
                        "startLine": 7,
                        "startColumn": 4,
                        "startOffset": 902,
                        "endColumn": 127,
                        "endOffset": 1025
                    }
                }
            },
            {
                "to": {
                    "startLine": 6,
                    "startColumn": 4,
                    "startOffset": 812,
                    "endColumn": 128,
                    "endOffset": 936
                },
                "from": {
                    "file": "C:\\Users\\VIJAY\\.android\\build-cache\\fe541dc57c9d228369ed2110591b9ddf40b761e0\\output\\res\\values-kk\\values.xml",
                    "position": {
                        "startLine": 8,
                        "startColumn": 4,
                        "startOffset": 1030,
                        "endColumn": 128,
                        "endOffset": 1154
                    }
                }
            },
            {
                "to": {
                    "startLine": 7,
                    "startColumn": 4,
                    "startOffset": 941,
                    "endColumn": 204,
                    "endOffset": 1141
                },
                "from": {
                    "file": "C:\\Users\\VIJAY\\.android\\build-cache\\fe541dc57c9d228369ed2110591b9ddf40b761e0\\output\\res\\values-kk\\values.xml",
                    "position": {
                        "startLine": 9,
                        "startColumn": 4,
                        "startOffset": 1159,
                        "endColumn": 204,
                        "endOffset": 1359
                    }
                }
            },
            {
                "to": {
                    "startLine": 8,
                    "startColumn": 4,
                    "startOffset": 1146,
                    "endColumn": 205,
                    "endOffset": 1347
                },
                "from": {
                    "file": "C:\\Users\\VIJAY\\.android\\build-cache\\fe541dc57c9d228369ed2110591b9ddf40b761e0\\output\\res\\values-kk\\values.xml",
                    "position": {
                        "startLine": 10,
                        "startColumn": 4,
                        "startOffset": 1364,
                        "endColumn": 205,
                        "endOffset": 1565
                    }
                }
            },
            {
                "to": {
                    "startLine": 9,
                    "startColumn": 4,
                    "startOffset": 1352,
                    "endColumn": 127,
                    "endOffset": 1475
                },
                "from": {
                    "file": "C:\\Users\\VIJAY\\.android\\build-cache\\fe541dc57c9d228369ed2110591b9ddf40b761e0\\output\\res\\values-kk\\values.xml",
                    "position": {
                        "startLine": 11,
                        "startColumn": 4,
                        "startOffset": 1570,
                        "endColumn": 127,
                        "endOffset": 1693
                    }
                }
            },
            {
                "to": {
                    "startLine": 10,
                    "startColumn": 4,
                    "startOffset": 1480,
                    "endColumn": 172,
                    "endOffset": 1648
                },
                "from": {
                    "file": "C:\\Users\\VIJAY\\.android\\build-cache\\fe541dc57c9d228369ed2110591b9ddf40b761e0\\output\\res\\values-kk\\values.xml",
                    "position": {
                        "startLine": 12,
                        "startColumn": 4,
                        "startOffset": 1698,
                        "endColumn": 172,
                        "endOffset": 1866
                    }
                }
            },
            {
                "to": {
                    "startLine": 11,
                    "startColumn": 4,
                    "startOffset": 1653,
                    "endColumn": 125,
                    "endOffset": 1774
                },
                "from": {
                    "file": "C:\\Users\\VIJAY\\.android\\build-cache\\fe541dc57c9d228369ed2110591b9ddf40b761e0\\output\\res\\values-kk\\values.xml",
                    "position": {
                        "startLine": 13,
                        "startColumn": 4,
                        "startOffset": 1871,
                        "endColumn": 125,
                        "endOffset": 1992
                    }
                }
            },
            {
                "to": {
                    "startLine": 12,
                    "startColumn": 4,
                    "startOffset": 1779,
                    "endColumn": 168,
                    "endOffset": 1943
                },
                "from": {
                    "file": "C:\\Users\\VIJAY\\.android\\build-cache\\fe541dc57c9d228369ed2110591b9ddf40b761e0\\output\\res\\values-kk\\values.xml",
                    "position": {
                        "startLine": 14,
                        "startColumn": 4,
                        "startOffset": 1997,
                        "endColumn": 168,
                        "endOffset": 2161
                    }
                }
            },
            {
                "to": {
                    "startLine": 13,
                    "startColumn": 4,
                    "startOffset": 1948,
                    "endColumn": 117,
                    "endOffset": 2061
                },
                "from": {
                    "file": "C:\\Users\\VIJAY\\.android\\build-cache\\fe541dc57c9d228369ed2110591b9ddf40b761e0\\output\\res\\values-kk\\values.xml",
                    "position": {
                        "startLine": 15,
                        "startColumn": 4,
                        "startOffset": 2166,
                        "endColumn": 117,
                        "endOffset": 2279
                    }
                }
            },
            {
                "to": {
                    "startLine": 14,
                    "startColumn": 4,
                    "startOffset": 2066,
                    "endColumn": 137,
                    "endOffset": 2199
                },
                "from": {
                    "file": "C:\\Users\\VIJAY\\.android\\build-cache\\fe541dc57c9d228369ed2110591b9ddf40b761e0\\output\\res\\values-kk\\values.xml",
                    "position": {
                        "startLine": 16,
                        "startColumn": 4,
                        "startOffset": 2284,
                        "endColumn": 137,
                        "endOffset": 2417
                    }
                }
            },
            {
                "to": {
                    "startLine": 15,
                    "startColumn": 4,
                    "startOffset": 2204,
                    "endColumn": 177,
                    "endOffset": 2377
                },
                "from": {
                    "file": "C:\\Users\\VIJAY\\.android\\build-cache\\fe541dc57c9d228369ed2110591b9ddf40b761e0\\output\\res\\values-kk\\values.xml",
                    "position": {
                        "startLine": 17,
                        "startColumn": 4,
                        "startOffset": 2422,
                        "endColumn": 177,
                        "endOffset": 2595
                    }
                }
            },
            {
                "to": {
                    "startLine": 16,
                    "startColumn": 4,
                    "startOffset": 2382,
                    "endColumn": 155,
                    "endOffset": 2533
                },
                "from": {
                    "file": "C:\\Users\\VIJAY\\.android\\build-cache\\fe541dc57c9d228369ed2110591b9ddf40b761e0\\output\\res\\values-kk\\values.xml",
                    "position": {
                        "startLine": 18,
                        "startColumn": 4,
                        "startOffset": 2600,
                        "endColumn": 155,
                        "endOffset": 2751
                    }
                }
            },
            {
                "to": {
                    "startLine": 17,
                    "startColumn": 4,
                    "startOffset": 2538,
                    "endColumn": 167,
                    "endOffset": 2701
                },
                "from": {
                    "file": "C:\\Users\\VIJAY\\.android\\build-cache\\fe541dc57c9d228369ed2110591b9ddf40b761e0\\output\\res\\values-kk\\values.xml",
                    "position": {
                        "startLine": 19,
                        "startColumn": 4,
                        "startOffset": 2756,
                        "endColumn": 167,
                        "endOffset": 2919
                    }
                }
            },
            {
                "to": {
                    "startLine": 18,
                    "startColumn": 4,
                    "startOffset": 2706,
                    "endColumn": 128,
                    "endOffset": 2830
                },
                "from": {
                    "file": "C:\\Users\\VIJAY\\.android\\build-cache\\fe541dc57c9d228369ed2110591b9ddf40b761e0\\output\\res\\values-kk\\values.xml",
                    "position": {
                        "startLine": 20,
                        "startColumn": 4,
                        "startOffset": 2924,
                        "endColumn": 128,
                        "endOffset": 3048
                    }
                }
            },
            {
                "to": {
                    "startLine": 19,
                    "startColumn": 4,
                    "startOffset": 2835,
                    "endColumn": 186,
                    "endOffset": 3017
                },
                "from": {
                    "file": "C:\\Users\\VIJAY\\.android\\build-cache\\fe541dc57c9d228369ed2110591b9ddf40b761e0\\output\\res\\values-kk\\values.xml",
                    "position": {
                        "startLine": 21,
                        "startColumn": 4,
                        "startOffset": 3053,
                        "endColumn": 186,
                        "endOffset": 3235
                    }
                }
            },
            {
                "to": {
                    "startLine": 20,
                    "startColumn": 4,
                    "startOffset": 3022,
                    "endColumn": 127,
                    "endOffset": 3145
                },
                "from": {
                    "file": "C:\\Users\\VIJAY\\.android\\build-cache\\fe541dc57c9d228369ed2110591b9ddf40b761e0\\output\\res\\values-kk\\values.xml",
                    "position": {
                        "startLine": 22,
                        "startColumn": 4,
                        "startOffset": 3240,
                        "endColumn": 127,
                        "endOffset": 3363
                    }
                }
            },
            {
                "to": {
                    "startLine": 21,
                    "startColumn": 4,
                    "startOffset": 3150,
                    "endColumn": 243,
                    "endOffset": 3389
                },
                "from": {
                    "file": "C:\\Users\\VIJAY\\.android\\build-cache\\3b3c45be01e6a89b22f090b73baf1df367750cf0\\output\\res\\values-kk\\values.xml",
                    "position": {
                        "startLine": 4,
                        "startColumn": 4,
                        "startOffset": 325,
                        "endColumn": 243,
                        "endOffset": 564
                    }
                }
            },
            {
                "to": {
                    "startLine": 22,
                    "startColumn": 4,
                    "startOffset": 3394,
                    "endColumn": 245,
                    "endOffset": 3635
                },
                "from": {
                    "file": "C:\\Users\\VIJAY\\.android\\build-cache\\fe541dc57c9d228369ed2110591b9ddf40b761e0\\output\\res\\values-kk\\values.xml",
                    "position": {
                        "startLine": 23,
                        "startColumn": 4,
                        "startOffset": 3368,
                        "endColumn": 245,
                        "endOffset": 3609
                    }
                }
            },
            {
                "to": {
                    "startLine": 23,
                    "startColumn": 4,
                    "startOffset": 3640,
                    "endColumn": 125,
                    "endOffset": 3761
                },
                "from": {
                    "file": "C:\\Users\\VIJAY\\.android\\build-cache\\fe541dc57c9d228369ed2110591b9ddf40b761e0\\output\\res\\values-kk\\values.xml",
                    "position": {
                        "startLine": 24,
                        "startColumn": 4,
                        "startOffset": 3614,
                        "endColumn": 125,
                        "endOffset": 3735
                    }
                }
            },
            {
                "to": {
                    "startLine": 24,
                    "startColumn": 4,
                    "startOffset": 3766,
                    "endColumn": 107,
                    "endOffset": 3869
                },
                "from": {
                    "file": "C:\\Users\\VIJAY\\.android\\build-cache\\fe541dc57c9d228369ed2110591b9ddf40b761e0\\output\\res\\values-kk\\values.xml",
                    "position": {
                        "startLine": 25,
                        "startColumn": 4,
                        "startOffset": 3740,
                        "endColumn": 107,
                        "endOffset": 3843
                    }
                }
            },
            {
                "to": {
                    "startLine": 25,
                    "startColumn": 4,
                    "startOffset": 3874,
                    "endColumn": 187,
                    "endOffset": 4057
                },
                "from": {
                    "file": "C:\\Users\\VIJAY\\.android\\build-cache\\fe541dc57c9d228369ed2110591b9ddf40b761e0\\output\\res\\values-kk\\values.xml",
                    "position": {
                        "startLine": 26,
                        "startColumn": 4,
                        "startOffset": 3848,
                        "endColumn": 187,
                        "endOffset": 4031
                    }
                }
            },
            {
                "to": {
                    "startLine": 26,
                    "startColumn": 4,
                    "startOffset": 4062,
                    "endColumn": 130,
                    "endOffset": 4188
                },
                "from": {
                    "file": "C:\\Users\\VIJAY\\.android\\build-cache\\fe541dc57c9d228369ed2110591b9ddf40b761e0\\output\\res\\values-kk\\values.xml",
                    "position": {
                        "startLine": 27,
                        "startColumn": 4,
                        "startOffset": 4036,
                        "endColumn": 130,
                        "endOffset": 4162
                    }
                }
            },
            {
                "to": {
                    "startLine": 27,
                    "startColumn": 4,
                    "startOffset": 4193,
                    "endColumn": 211,
                    "endOffset": 4400
                },
                "from": {
                    "file": "C:\\Users\\VIJAY\\.android\\build-cache\\fe541dc57c9d228369ed2110591b9ddf40b761e0\\output\\res\\values-kk\\values.xml",
                    "position": {
                        "startLine": 28,
                        "startColumn": 4,
                        "startOffset": 4167,
                        "endColumn": 211,
                        "endOffset": 4374
                    }
                }
            },
            {
                "to": {
                    "startLine": 28,
                    "startColumn": 4,
                    "startOffset": 4405,
                    "endColumn": 135,
                    "endOffset": 4536
                },
                "from": {
                    "file": "C:\\Users\\VIJAY\\.android\\build-cache\\fe541dc57c9d228369ed2110591b9ddf40b761e0\\output\\res\\values-kk\\values.xml",
                    "position": {
                        "startLine": 29,
                        "startColumn": 4,
                        "startOffset": 4379,
                        "endColumn": 135,
                        "endOffset": 4510
                    }
                }
            },
            {
                "to": {
                    "startLine": 29,
                    "startColumn": 4,
                    "startOffset": 4541,
                    "endColumn": 186,
                    "endOffset": 4723
                },
                "from": {
                    "file": "C:\\Users\\VIJAY\\.android\\build-cache\\fe541dc57c9d228369ed2110591b9ddf40b761e0\\output\\res\\values-kk\\values.xml",
                    "position": {
                        "startLine": 30,
                        "startColumn": 4,
                        "startOffset": 4515,
                        "endColumn": 186,
                        "endOffset": 4697
                    }
                }
            },
            {
                "to": {
                    "startLine": 30,
                    "startColumn": 4,
                    "startOffset": 4728,
                    "endColumn": 92,
                    "endOffset": 4816
                },
                "from": {
                    "file": "C:\\Users\\VIJAY\\.android\\build-cache\\fe541dc57c9d228369ed2110591b9ddf40b761e0\\output\\res\\values-kk\\values.xml",
                    "position": {
                        "startLine": 31,
                        "startColumn": 4,
                        "startOffset": 4702,
                        "endColumn": 92,
                        "endOffset": 4790
                    }
                }
            },
            {
                "to": {
                    "startLine": 31,
                    "startColumn": 4,
                    "startOffset": 4821,
                    "endColumn": 88,
                    "endOffset": 4905
                },
                "from": {
                    "file": "C:\\Users\\VIJAY\\.android\\build-cache\\fe541dc57c9d228369ed2110591b9ddf40b761e0\\output\\res\\values-kk\\values.xml",
                    "position": {
                        "startLine": 32,
                        "startColumn": 4,
                        "startOffset": 4795,
                        "endColumn": 88,
                        "endOffset": 4879
                    }
                }
            },
            {
                "to": {
                    "startLine": 32,
                    "startColumn": 4,
                    "startOffset": 4910,
                    "endColumn": 106,
                    "endOffset": 5012
                },
                "from": {
                    "file": "C:\\Users\\VIJAY\\.android\\build-cache\\fe541dc57c9d228369ed2110591b9ddf40b761e0\\output\\res\\values-kk\\values.xml",
                    "position": {
                        "startLine": 33,
                        "startColumn": 4,
                        "startOffset": 4884,
                        "endColumn": 106,
                        "endOffset": 4986
                    }
                }
            },
            {
                "to": {
                    "startLine": 33,
                    "startColumn": 4,
                    "startOffset": 5017,
                    "endColumn": 105,
                    "endOffset": 5118
                },
                "from": {
                    "file": "C:\\Users\\VIJAY\\.android\\build-cache\\fe59ef60328d1e68be970eb7f16fd43f4c6027ee\\output\\res\\values-kk\\values.xml",
                    "position": {
                        "startLine": 4,
                        "startColumn": 4,
                        "startOffset": 275,
                        "endColumn": 105,
                        "endOffset": 376
                    }
                }
            },
            {
                "to": {
                    "startLine": 34,
                    "startColumn": 4,
                    "startOffset": 5123,
                    "endColumn": 94,
                    "endOffset": 5213
                },
                "from": {
                    "file": "C:\\Users\\VIJAY\\.android\\build-cache\\fe59ef60328d1e68be970eb7f16fd43f4c6027ee\\output\\res\\values-kk\\values.xml",
                    "position": {
                        "startLine": 5,
                        "startColumn": 4,
                        "startOffset": 381,
                        "endColumn": 94,
                        "endOffset": 471
                    }
                }
            }
        ]
    },
    {
        "outputFile": "E:\\Android Studio\\Call recorders\\asfak\\CallRecorder\\app\\build\\intermediates\\incremental\\mergeDebugResources\\merged.dir\\values-kk\\values-kk.xml",
        "map": [
            {
                "to": {
                    "startLine": 2,
                    "startColumn": 4,
                    "startOffset": 105,
                    "endColumn": 264,
                    "endOffset": 365
                },
                "from": {
                    "file": "C:\\Users\\ADMIN\\.android\\build-cache\\fe541dc57c9d228369ed2110591b9ddf40b761e0\\output\\res\\values-kk\\values.xml",
                    "position": {
                        "startLine": 4,
                        "startColumn": 4,
                        "startOffset": 323,
                        "endColumn": 264,
                        "endOffset": 583
                    }
                }
            },
            {
                "to": {
                    "startLine": 3,
                    "startColumn": 4,
                    "startOffset": 370,
                    "endColumn": 128,
                    "endOffset": 494
                },
                "from": {
                    "file": "C:\\Users\\ADMIN\\.android\\build-cache\\fe541dc57c9d228369ed2110591b9ddf40b761e0\\output\\res\\values-kk\\values.xml",
                    "position": {
                        "startLine": 5,
                        "startColumn": 4,
                        "startOffset": 588,
                        "endColumn": 128,
                        "endOffset": 712
                    }
                }
            },
            {
                "to": {
                    "startLine": 4,
                    "startColumn": 4,
                    "startOffset": 499,
                    "endColumn": 184,
                    "endOffset": 679
                },
                "from": {
                    "file": "C:\\Users\\ADMIN\\.android\\build-cache\\fe541dc57c9d228369ed2110591b9ddf40b761e0\\output\\res\\values-kk\\values.xml",
                    "position": {
                        "startLine": 6,
                        "startColumn": 4,
                        "startOffset": 717,
                        "endColumn": 184,
                        "endOffset": 897
                    }
                }
            },
            {
                "to": {
                    "startLine": 5,
                    "startColumn": 4,
                    "startOffset": 684,
                    "endColumn": 127,
                    "endOffset": 807
                },
                "from": {
                    "file": "C:\\Users\\ADMIN\\.android\\build-cache\\fe541dc57c9d228369ed2110591b9ddf40b761e0\\output\\res\\values-kk\\values.xml",
                    "position": {
                        "startLine": 7,
                        "startColumn": 4,
                        "startOffset": 902,
                        "endColumn": 127,
                        "endOffset": 1025
                    }
                }
            },
            {
                "to": {
                    "startLine": 6,
                    "startColumn": 4,
                    "startOffset": 812,
                    "endColumn": 128,
                    "endOffset": 936
                },
                "from": {
                    "file": "C:\\Users\\ADMIN\\.android\\build-cache\\fe541dc57c9d228369ed2110591b9ddf40b761e0\\output\\res\\values-kk\\values.xml",
                    "position": {
                        "startLine": 8,
                        "startColumn": 4,
                        "startOffset": 1030,
                        "endColumn": 128,
                        "endOffset": 1154
                    }
                }
            },
            {
                "to": {
                    "startLine": 7,
                    "startColumn": 4,
                    "startOffset": 941,
                    "endColumn": 204,
                    "endOffset": 1141
                },
                "from": {
                    "file": "C:\\Users\\ADMIN\\.android\\build-cache\\fe541dc57c9d228369ed2110591b9ddf40b761e0\\output\\res\\values-kk\\values.xml",
                    "position": {
                        "startLine": 9,
                        "startColumn": 4,
                        "startOffset": 1159,
                        "endColumn": 204,
                        "endOffset": 1359
                    }
                }
            },
            {
                "to": {
                    "startLine": 8,
                    "startColumn": 4,
                    "startOffset": 1146,
                    "endColumn": 205,
                    "endOffset": 1347
                },
                "from": {
                    "file": "C:\\Users\\ADMIN\\.android\\build-cache\\fe541dc57c9d228369ed2110591b9ddf40b761e0\\output\\res\\values-kk\\values.xml",
                    "position": {
                        "startLine": 10,
                        "startColumn": 4,
                        "startOffset": 1364,
                        "endColumn": 205,
                        "endOffset": 1565
                    }
                }
            },
            {
                "to": {
                    "startLine": 9,
                    "startColumn": 4,
                    "startOffset": 1352,
                    "endColumn": 127,
                    "endOffset": 1475
                },
                "from": {
                    "file": "C:\\Users\\ADMIN\\.android\\build-cache\\fe541dc57c9d228369ed2110591b9ddf40b761e0\\output\\res\\values-kk\\values.xml",
                    "position": {
                        "startLine": 11,
                        "startColumn": 4,
                        "startOffset": 1570,
                        "endColumn": 127,
                        "endOffset": 1693
                    }
                }
            },
            {
                "to": {
                    "startLine": 10,
                    "startColumn": 4,
                    "startOffset": 1480,
                    "endColumn": 172,
                    "endOffset": 1648
                },
                "from": {
                    "file": "C:\\Users\\ADMIN\\.android\\build-cache\\fe541dc57c9d228369ed2110591b9ddf40b761e0\\output\\res\\values-kk\\values.xml",
                    "position": {
                        "startLine": 12,
                        "startColumn": 4,
                        "startOffset": 1698,
                        "endColumn": 172,
                        "endOffset": 1866
                    }
                }
            },
            {
                "to": {
                    "startLine": 11,
                    "startColumn": 4,
                    "startOffset": 1653,
                    "endColumn": 125,
                    "endOffset": 1774
                },
                "from": {
                    "file": "C:\\Users\\ADMIN\\.android\\build-cache\\fe541dc57c9d228369ed2110591b9ddf40b761e0\\output\\res\\values-kk\\values.xml",
                    "position": {
                        "startLine": 13,
                        "startColumn": 4,
                        "startOffset": 1871,
                        "endColumn": 125,
                        "endOffset": 1992
                    }
                }
            },
            {
                "to": {
                    "startLine": 12,
                    "startColumn": 4,
                    "startOffset": 1779,
                    "endColumn": 168,
                    "endOffset": 1943
                },
                "from": {
                    "file": "C:\\Users\\ADMIN\\.android\\build-cache\\fe541dc57c9d228369ed2110591b9ddf40b761e0\\output\\res\\values-kk\\values.xml",
                    "position": {
                        "startLine": 14,
                        "startColumn": 4,
                        "startOffset": 1997,
                        "endColumn": 168,
                        "endOffset": 2161
                    }
                }
            },
            {
                "to": {
                    "startLine": 13,
                    "startColumn": 4,
                    "startOffset": 1948,
                    "endColumn": 117,
                    "endOffset": 2061
                },
                "from": {
                    "file": "C:\\Users\\ADMIN\\.android\\build-cache\\fe541dc57c9d228369ed2110591b9ddf40b761e0\\output\\res\\values-kk\\values.xml",
                    "position": {
                        "startLine": 15,
                        "startColumn": 4,
                        "startOffset": 2166,
                        "endColumn": 117,
                        "endOffset": 2279
                    }
                }
            },
            {
                "to": {
                    "startLine": 14,
                    "startColumn": 4,
                    "startOffset": 2066,
                    "endColumn": 137,
                    "endOffset": 2199
                },
                "from": {
                    "file": "C:\\Users\\ADMIN\\.android\\build-cache\\fe541dc57c9d228369ed2110591b9ddf40b761e0\\output\\res\\values-kk\\values.xml",
                    "position": {
                        "startLine": 16,
                        "startColumn": 4,
                        "startOffset": 2284,
                        "endColumn": 137,
                        "endOffset": 2417
                    }
                }
            },
            {
                "to": {
                    "startLine": 15,
                    "startColumn": 4,
                    "startOffset": 2204,
                    "endColumn": 177,
                    "endOffset": 2377
                },
                "from": {
                    "file": "C:\\Users\\ADMIN\\.android\\build-cache\\fe541dc57c9d228369ed2110591b9ddf40b761e0\\output\\res\\values-kk\\values.xml",
                    "position": {
                        "startLine": 17,
                        "startColumn": 4,
                        "startOffset": 2422,
                        "endColumn": 177,
                        "endOffset": 2595
                    }
                }
            },
            {
                "to": {
                    "startLine": 16,
                    "startColumn": 4,
                    "startOffset": 2382,
                    "endColumn": 155,
                    "endOffset": 2533
                },
                "from": {
                    "file": "C:\\Users\\ADMIN\\.android\\build-cache\\fe541dc57c9d228369ed2110591b9ddf40b761e0\\output\\res\\values-kk\\values.xml",
                    "position": {
                        "startLine": 18,
                        "startColumn": 4,
                        "startOffset": 2600,
                        "endColumn": 155,
                        "endOffset": 2751
                    }
                }
            },
            {
                "to": {
                    "startLine": 17,
                    "startColumn": 4,
                    "startOffset": 2538,
                    "endColumn": 167,
                    "endOffset": 2701
                },
                "from": {
                    "file": "C:\\Users\\ADMIN\\.android\\build-cache\\fe541dc57c9d228369ed2110591b9ddf40b761e0\\output\\res\\values-kk\\values.xml",
                    "position": {
                        "startLine": 19,
                        "startColumn": 4,
                        "startOffset": 2756,
                        "endColumn": 167,
                        "endOffset": 2919
                    }
                }
            },
            {
                "to": {
                    "startLine": 18,
                    "startColumn": 4,
                    "startOffset": 2706,
                    "endColumn": 128,
                    "endOffset": 2830
                },
                "from": {
                    "file": "C:\\Users\\ADMIN\\.android\\build-cache\\fe541dc57c9d228369ed2110591b9ddf40b761e0\\output\\res\\values-kk\\values.xml",
                    "position": {
                        "startLine": 20,
                        "startColumn": 4,
                        "startOffset": 2924,
                        "endColumn": 128,
                        "endOffset": 3048
                    }
                }
            },
            {
                "to": {
                    "startLine": 19,
                    "startColumn": 4,
                    "startOffset": 2835,
                    "endColumn": 186,
                    "endOffset": 3017
                },
                "from": {
                    "file": "C:\\Users\\ADMIN\\.android\\build-cache\\fe541dc57c9d228369ed2110591b9ddf40b761e0\\output\\res\\values-kk\\values.xml",
                    "position": {
                        "startLine": 21,
                        "startColumn": 4,
                        "startOffset": 3053,
                        "endColumn": 186,
                        "endOffset": 3235
                    }
                }
            },
            {
                "to": {
                    "startLine": 20,
                    "startColumn": 4,
                    "startOffset": 3022,
                    "endColumn": 127,
                    "endOffset": 3145
                },
                "from": {
                    "file": "C:\\Users\\ADMIN\\.android\\build-cache\\fe541dc57c9d228369ed2110591b9ddf40b761e0\\output\\res\\values-kk\\values.xml",
                    "position": {
                        "startLine": 22,
                        "startColumn": 4,
                        "startOffset": 3240,
                        "endColumn": 127,
                        "endOffset": 3363
                    }
                }
            },
            {
                "to": {
                    "startLine": 21,
                    "startColumn": 4,
                    "startOffset": 3150,
                    "endColumn": 243,
                    "endOffset": 3389
                },
                "from": {
                    "file": "C:\\Users\\ADMIN\\.android\\build-cache\\3b3c45be01e6a89b22f090b73baf1df367750cf0\\output\\res\\values-kk\\values.xml",
                    "position": {
                        "startLine": 4,
                        "startColumn": 4,
                        "startOffset": 325,
                        "endColumn": 243,
                        "endOffset": 564
                    }
                }
            },
            {
                "to": {
                    "startLine": 22,
                    "startColumn": 4,
                    "startOffset": 3394,
                    "endColumn": 245,
                    "endOffset": 3635
                },
                "from": {
                    "file": "C:\\Users\\ADMIN\\.android\\build-cache\\fe541dc57c9d228369ed2110591b9ddf40b761e0\\output\\res\\values-kk\\values.xml",
                    "position": {
                        "startLine": 23,
                        "startColumn": 4,
                        "startOffset": 3368,
                        "endColumn": 245,
                        "endOffset": 3609
                    }
                }
            },
            {
                "to": {
                    "startLine": 23,
                    "startColumn": 4,
                    "startOffset": 3640,
                    "endColumn": 125,
                    "endOffset": 3761
                },
                "from": {
                    "file": "C:\\Users\\ADMIN\\.android\\build-cache\\fe541dc57c9d228369ed2110591b9ddf40b761e0\\output\\res\\values-kk\\values.xml",
                    "position": {
                        "startLine": 24,
                        "startColumn": 4,
                        "startOffset": 3614,
                        "endColumn": 125,
                        "endOffset": 3735
                    }
                }
            },
            {
                "to": {
                    "startLine": 24,
                    "startColumn": 4,
                    "startOffset": 3766,
                    "endColumn": 107,
                    "endOffset": 3869
                },
                "from": {
                    "file": "C:\\Users\\ADMIN\\.android\\build-cache\\fe541dc57c9d228369ed2110591b9ddf40b761e0\\output\\res\\values-kk\\values.xml",
                    "position": {
                        "startLine": 25,
                        "startColumn": 4,
                        "startOffset": 3740,
                        "endColumn": 107,
                        "endOffset": 3843
                    }
                }
            },
            {
                "to": {
                    "startLine": 25,
                    "startColumn": 4,
                    "startOffset": 3874,
                    "endColumn": 187,
                    "endOffset": 4057
                },
                "from": {
                    "file": "C:\\Users\\ADMIN\\.android\\build-cache\\fe541dc57c9d228369ed2110591b9ddf40b761e0\\output\\res\\values-kk\\values.xml",
                    "position": {
                        "startLine": 26,
                        "startColumn": 4,
                        "startOffset": 3848,
                        "endColumn": 187,
                        "endOffset": 4031
                    }
                }
            },
            {
                "to": {
                    "startLine": 26,
                    "startColumn": 4,
                    "startOffset": 4062,
                    "endColumn": 130,
                    "endOffset": 4188
                },
                "from": {
                    "file": "C:\\Users\\ADMIN\\.android\\build-cache\\fe541dc57c9d228369ed2110591b9ddf40b761e0\\output\\res\\values-kk\\values.xml",
                    "position": {
                        "startLine": 27,
                        "startColumn": 4,
                        "startOffset": 4036,
                        "endColumn": 130,
                        "endOffset": 4162
                    }
                }
            },
            {
                "to": {
                    "startLine": 27,
                    "startColumn": 4,
                    "startOffset": 4193,
                    "endColumn": 211,
                    "endOffset": 4400
                },
                "from": {
                    "file": "C:\\Users\\ADMIN\\.android\\build-cache\\fe541dc57c9d228369ed2110591b9ddf40b761e0\\output\\res\\values-kk\\values.xml",
                    "position": {
                        "startLine": 28,
                        "startColumn": 4,
                        "startOffset": 4167,
                        "endColumn": 211,
                        "endOffset": 4374
                    }
                }
            },
            {
                "to": {
                    "startLine": 28,
                    "startColumn": 4,
                    "startOffset": 4405,
                    "endColumn": 135,
                    "endOffset": 4536
                },
                "from": {
                    "file": "C:\\Users\\ADMIN\\.android\\build-cache\\fe541dc57c9d228369ed2110591b9ddf40b761e0\\output\\res\\values-kk\\values.xml",
                    "position": {
                        "startLine": 29,
                        "startColumn": 4,
                        "startOffset": 4379,
                        "endColumn": 135,
                        "endOffset": 4510
                    }
                }
            },
            {
                "to": {
                    "startLine": 29,
                    "startColumn": 4,
                    "startOffset": 4541,
                    "endColumn": 186,
                    "endOffset": 4723
                },
                "from": {
                    "file": "C:\\Users\\ADMIN\\.android\\build-cache\\fe541dc57c9d228369ed2110591b9ddf40b761e0\\output\\res\\values-kk\\values.xml",
                    "position": {
                        "startLine": 30,
                        "startColumn": 4,
                        "startOffset": 4515,
                        "endColumn": 186,
                        "endOffset": 4697
                    }
                }
            },
            {
                "to": {
                    "startLine": 30,
                    "startColumn": 4,
                    "startOffset": 4728,
                    "endColumn": 92,
                    "endOffset": 4816
                },
                "from": {
                    "file": "C:\\Users\\ADMIN\\.android\\build-cache\\fe541dc57c9d228369ed2110591b9ddf40b761e0\\output\\res\\values-kk\\values.xml",
                    "position": {
                        "startLine": 31,
                        "startColumn": 4,
                        "startOffset": 4702,
                        "endColumn": 92,
                        "endOffset": 4790
                    }
                }
            },
            {
                "to": {
                    "startLine": 31,
                    "startColumn": 4,
                    "startOffset": 4821,
                    "endColumn": 88,
                    "endOffset": 4905
                },
                "from": {
                    "file": "C:\\Users\\ADMIN\\.android\\build-cache\\fe541dc57c9d228369ed2110591b9ddf40b761e0\\output\\res\\values-kk\\values.xml",
                    "position": {
                        "startLine": 32,
                        "startColumn": 4,
                        "startOffset": 4795,
                        "endColumn": 88,
                        "endOffset": 4879
                    }
                }
            },
            {
                "to": {
                    "startLine": 32,
                    "startColumn": 4,
                    "startOffset": 4910,
                    "endColumn": 106,
                    "endOffset": 5012
                },
                "from": {
                    "file": "C:\\Users\\ADMIN\\.android\\build-cache\\fe541dc57c9d228369ed2110591b9ddf40b761e0\\output\\res\\values-kk\\values.xml",
                    "position": {
                        "startLine": 33,
                        "startColumn": 4,
                        "startOffset": 4884,
                        "endColumn": 106,
                        "endOffset": 4986
                    }
                }
            },
            {
                "to": {
                    "startLine": 33,
                    "startColumn": 4,
                    "startOffset": 5017,
                    "endColumn": 105,
                    "endOffset": 5118
                },
                "from": {
                    "file": "C:\\Users\\ADMIN\\.android\\build-cache\\fe59ef60328d1e68be970eb7f16fd43f4c6027ee\\output\\res\\values-kk\\values.xml",
                    "position": {
                        "startLine": 4,
                        "startColumn": 4,
                        "startOffset": 275,
                        "endColumn": 105,
                        "endOffset": 376
                    }
                }
            },
            {
                "to": {
                    "startLine": 34,
                    "startColumn": 4,
                    "startOffset": 5123,
                    "endColumn": 94,
                    "endOffset": 5213
                },
                "from": {
                    "file": "C:\\Users\\ADMIN\\.android\\build-cache\\fe59ef60328d1e68be970eb7f16fd43f4c6027ee\\output\\res\\values-kk\\values.xml",
                    "position": {
                        "startLine": 5,
                        "startColumn": 4,
                        "startOffset": 381,
                        "endColumn": 94,
                        "endOffset": 471
                    }
                }
            }
        ]
    }
]