[
    {
        "outputFile": "E:\\Android Studio\\Call recorders\\asfak\\CallRecorder\\app\\build\\intermediates\\incremental\\mergeDebugResources\\merged.dir\\values-nl\\values-nl.xml",
        "map": [
            {
                "to": {
                    "startLine": 2,
                    "startColumn": 4,
                    "startOffset": 105,
                    "endColumn": 117,
                    "endOffset": 218
                },
                "from": {
                    "file": "C:\\Users\\ADMIN\\.android\\build-cache\\95f3ac9d8d29c858841e3e7390a95721f395d906\\output\\res\\values-nl\\values-nl.xml",
                    "position": {
                        "startLine": 2,
                        "startColumn": 4,
                        "startOffset": 55,
                        "endColumn": 117,
                        "endOffset": 168
                    }
                }
            },
            {
                "to": {
                    "startLine": 3,
                    "startColumn": 4,
                    "startOffset": 223,
                    "endColumn": 107,
                    "endOffset": 326
                },
                "from": {
                    "file": "C:\\Users\\ADMIN\\.android\\build-cache\\95f3ac9d8d29c858841e3e7390a95721f395d906\\output\\res\\values-nl\\values-nl.xml",
                    "position": {
                        "startLine": 3,
                        "startColumn": 4,
                        "startOffset": 173,
                        "endColumn": 107,
                        "endOffset": 276
                    }
                }
            },
            {
                "to": {
                    "startLine": 4,
                    "startColumn": 4,
                    "startOffset": 331,
                    "endColumn": 122,
                    "endOffset": 449
                },
                "from": {
                    "file": "C:\\Users\\ADMIN\\.android\\build-cache\\95f3ac9d8d29c858841e3e7390a95721f395d906\\output\\res\\values-nl\\values-nl.xml",
                    "position": {
                        "startLine": 4,
                        "startColumn": 4,
                        "startOffset": 281,
                        "endColumn": 122,
                        "endOffset": 399
                    }
                }
            },
            {
                "to": {
                    "startLine": 5,
                    "startColumn": 4,
                    "startOffset": 454,
                    "endColumn": 104,
                    "endOffset": 554
                },
                "from": {
                    "file": "C:\\Users\\ADMIN\\.android\\build-cache\\95f3ac9d8d29c858841e3e7390a95721f395d906\\output\\res\\values-nl\\values-nl.xml",
                    "position": {
                        "startLine": 5,
                        "startColumn": 4,
                        "startOffset": 404,
                        "endColumn": 104,
                        "endOffset": 504
                    }
                }
            },
            {
                "to": {
                    "startLine": 6,
                    "startColumn": 4,
                    "startOffset": 559,
                    "endColumn": 106,
                    "endOffset": 661
                },
                "from": {
                    "file": "C:\\Users\\ADMIN\\.android\\build-cache\\95f3ac9d8d29c858841e3e7390a95721f395d906\\output\\res\\values-nl\\values-nl.xml",
                    "position": {
                        "startLine": 6,
                        "startColumn": 4,
                        "startOffset": 509,
                        "endColumn": 106,
                        "endOffset": 611
                    }
                }
            },
            {
                "to": {
                    "startLine": 7,
                    "startColumn": 4,
                    "startOffset": 666,
                    "endColumn": 85,
                    "endOffset": 747
                },
                "from": {
                    "file": "C:\\Users\\ADMIN\\.android\\build-cache\\95f3ac9d8d29c858841e3e7390a95721f395d906\\output\\res\\values-nl\\values-nl.xml",
                    "position": {
                        "startLine": 7,
                        "startColumn": 4,
                        "startOffset": 616,
                        "endColumn": 85,
                        "endOffset": 697
                    }
                }
            },
            {
                "to": {
                    "startLine": 8,
                    "startColumn": 4,
                    "startOffset": 752,
                    "endColumn": 107,
                    "endOffset": 855
                },
                "from": {
                    "file": "C:\\Users\\ADMIN\\.android\\build-cache\\95f3ac9d8d29c858841e3e7390a95721f395d906\\output\\res\\values-nl\\values-nl.xml",
                    "position": {
                        "startLine": 8,
                        "startColumn": 4,
                        "startOffset": 702,
                        "endColumn": 107,
                        "endOffset": 805
                    }
                }
            },
            {
                "to": {
                    "startLine": 9,
                    "startColumn": 4,
                    "startOffset": 860,
                    "endColumn": 119,
                    "endOffset": 975
                },
                "from": {
                    "file": "C:\\Users\\ADMIN\\.android\\build-cache\\95f3ac9d8d29c858841e3e7390a95721f395d906\\output\\res\\values-nl\\values-nl.xml",
                    "position": {
                        "startLine": 9,
                        "startColumn": 4,
                        "startOffset": 810,
                        "endColumn": 119,
                        "endOffset": 925
                    }
                }
            },
            {
                "to": {
                    "startLine": 10,
                    "startColumn": 4,
                    "startOffset": 980,
                    "endColumn": 76,
                    "endOffset": 1052
                },
                "from": {
                    "file": "C:\\Users\\ADMIN\\.android\\build-cache\\95f3ac9d8d29c858841e3e7390a95721f395d906\\output\\res\\values-nl\\values-nl.xml",
                    "position": {
                        "startLine": 10,
                        "startColumn": 4,
                        "startOffset": 930,
                        "endColumn": 76,
                        "endOffset": 1002
                    }
                }
            },
            {
                "to": {
                    "startLine": 11,
                    "startColumn": 4,
                    "startOffset": 1057,
                    "endColumn": 76,
                    "endOffset": 1129
                },
                "from": {
                    "file": "C:\\Users\\ADMIN\\.android\\build-cache\\95f3ac9d8d29c858841e3e7390a95721f395d906\\output\\res\\values-nl\\values-nl.xml",
                    "position": {
                        "startLine": 11,
                        "startColumn": 4,
                        "startOffset": 1007,
                        "endColumn": 76,
                        "endOffset": 1079
                    }
                }
            },
            {
                "to": {
                    "startLine": 12,
                    "startColumn": 4,
                    "startOffset": 1134,
                    "endColumn": 81,
                    "endOffset": 1211
                },
                "from": {
                    "file": "C:\\Users\\ADMIN\\.android\\build-cache\\95f3ac9d8d29c858841e3e7390a95721f395d906\\output\\res\\values-nl\\values-nl.xml",
                    "position": {
                        "startLine": 12,
                        "startColumn": 4,
                        "startOffset": 1084,
                        "endColumn": 81,
                        "endOffset": 1161
                    }
                }
            },
            {
                "to": {
                    "startLine": 13,
                    "startColumn": 4,
                    "startOffset": 1216,
                    "endColumn": 110,
                    "endOffset": 1322
                },
                "from": {
                    "file": "C:\\Users\\ADMIN\\.android\\build-cache\\95f3ac9d8d29c858841e3e7390a95721f395d906\\output\\res\\values-nl\\values-nl.xml",
                    "position": {
                        "startLine": 13,
                        "startColumn": 4,
                        "startOffset": 1166,
                        "endColumn": 110,
                        "endOffset": 1272
                    }
                }
            },
            {
                "to": {
                    "startLine": 14,
                    "startColumn": 4,
                    "startOffset": 1327,
                    "endColumn": 103,
                    "endOffset": 1426
                },
                "from": {
                    "file": "C:\\Users\\ADMIN\\.android\\build-cache\\95f3ac9d8d29c858841e3e7390a95721f395d906\\output\\res\\values-nl\\values-nl.xml",
                    "position": {
                        "startLine": 14,
                        "startColumn": 4,
                        "startOffset": 1277,
                        "endColumn": 103,
                        "endOffset": 1376
                    }
                }
            },
            {
                "to": {
                    "startLine": 15,
                    "startColumn": 4,
                    "startOffset": 1431,
                    "endColumn": 98,
                    "endOffset": 1525
                },
                "from": {
                    "file": "C:\\Users\\ADMIN\\.android\\build-cache\\95f3ac9d8d29c858841e3e7390a95721f395d906\\output\\res\\values-nl\\values-nl.xml",
                    "position": {
                        "startLine": 15,
                        "startColumn": 4,
                        "startOffset": 1381,
                        "endColumn": 98,
                        "endOffset": 1475
                    }
                }
            },
            {
                "to": {
                    "startLine": 16,
                    "startColumn": 4,
                    "startOffset": 1530,
                    "endColumn": 114,
                    "endOffset": 1640
                },
                "from": {
                    "file": "C:\\Users\\ADMIN\\.android\\build-cache\\95f3ac9d8d29c858841e3e7390a95721f395d906\\output\\res\\values-nl\\values-nl.xml",
                    "position": {
                        "startLine": 16,
                        "startColumn": 4,
                        "startOffset": 1480,
                        "endColumn": 114,
                        "endOffset": 1590
                    }
                }
            },
            {
                "to": {
                    "startLine": 17,
                    "startColumn": 4,
                    "startOffset": 1645,
                    "endColumn": 112,
                    "endOffset": 1753
                },
                "from": {
                    "file": "C:\\Users\\ADMIN\\.android\\build-cache\\95f3ac9d8d29c858841e3e7390a95721f395d906\\output\\res\\values-nl\\values-nl.xml",
                    "position": {
                        "startLine": 17,
                        "startColumn": 4,
                        "startOffset": 1595,
                        "endColumn": 112,
                        "endOffset": 1703
                    }
                }
            },
            {
                "to": {
                    "startLine": 18,
                    "startColumn": 4,
                    "startOffset": 1758,
                    "endColumn": 102,
                    "endOffset": 1856
                },
                "from": {
                    "file": "C:\\Users\\ADMIN\\.android\\build-cache\\95f3ac9d8d29c858841e3e7390a95721f395d906\\output\\res\\values-nl\\values-nl.xml",
                    "position": {
                        "startLine": 18,
                        "startColumn": 4,
                        "startOffset": 1708,
                        "endColumn": 102,
                        "endOffset": 1806
                    }
                }
            },
            {
                "to": {
                    "startLine": 19,
                    "startColumn": 4,
                    "startOffset": 1861,
                    "endColumn": 117,
                    "endOffset": 1974
                },
                "from": {
                    "file": "C:\\Users\\ADMIN\\.android\\build-cache\\95f3ac9d8d29c858841e3e7390a95721f395d906\\output\\res\\values-nl\\values-nl.xml",
                    "position": {
                        "startLine": 19,
                        "startColumn": 4,
                        "startOffset": 1811,
                        "endColumn": 117,
                        "endOffset": 1924
                    }
                }
            },
            {
                "to": {
                    "startLine": 20,
                    "startColumn": 4,
                    "startOffset": 1979,
                    "endColumn": 102,
                    "endOffset": 2077
                },
                "from": {
                    "file": "C:\\Users\\ADMIN\\.android\\build-cache\\95f3ac9d8d29c858841e3e7390a95721f395d906\\output\\res\\values-nl\\values-nl.xml",
                    "position": {
                        "startLine": 20,
                        "startColumn": 4,
                        "startOffset": 1929,
                        "endColumn": 102,
                        "endOffset": 2027
                    }
                }
            },
            {
                "to": {
                    "startLine": 21,
                    "startColumn": 4,
                    "startOffset": 2082,
                    "endColumn": 274,
                    "endOffset": 2352
                },
                "from": {
                    "file": "C:\\Users\\ADMIN\\.android\\build-cache\\fe541dc57c9d228369ed2110591b9ddf40b761e0\\output\\res\\values-nl\\values.xml",
                    "position": {
                        "startLine": 4,
                        "startColumn": 4,
                        "startOffset": 323,
                        "endColumn": 274,
                        "endOffset": 593
                    }
                }
            },
            {
                "to": {
                    "startLine": 22,
                    "startColumn": 4,
                    "startOffset": 2357,
                    "endColumn": 129,
                    "endOffset": 2482
                },
                "from": {
                    "file": "C:\\Users\\ADMIN\\.android\\build-cache\\fe541dc57c9d228369ed2110591b9ddf40b761e0\\output\\res\\values-nl\\values.xml",
                    "position": {
                        "startLine": 5,
                        "startColumn": 4,
                        "startOffset": 598,
                        "endColumn": 129,
                        "endOffset": 723
                    }
                }
            },
            {
                "to": {
                    "startLine": 23,
                    "startColumn": 4,
                    "startOffset": 2487,
                    "endColumn": 186,
                    "endOffset": 2669
                },
                "from": {
                    "file": "C:\\Users\\ADMIN\\.android\\build-cache\\fe541dc57c9d228369ed2110591b9ddf40b761e0\\output\\res\\values-nl\\values.xml",
                    "position": {
                        "startLine": 6,
                        "startColumn": 4,
                        "startOffset": 728,
                        "endColumn": 186,
                        "endOffset": 910
                    }
                }
            },
            {
                "to": {
                    "startLine": 24,
                    "startColumn": 4,
                    "startOffset": 2674,
                    "endColumn": 131,
                    "endOffset": 2801
                },
                "from": {
                    "file": "C:\\Users\\ADMIN\\.android\\build-cache\\fe541dc57c9d228369ed2110591b9ddf40b761e0\\output\\res\\values-nl\\values.xml",
                    "position": {
                        "startLine": 7,
                        "startColumn": 4,
                        "startOffset": 915,
                        "endColumn": 131,
                        "endOffset": 1042
                    }
                }
            },
            {
                "to": {
                    "startLine": 25,
                    "startColumn": 4,
                    "startOffset": 2806,
                    "endColumn": 129,
                    "endOffset": 2931
                },
                "from": {
                    "file": "C:\\Users\\ADMIN\\.android\\build-cache\\fe541dc57c9d228369ed2110591b9ddf40b761e0\\output\\res\\values-nl\\values.xml",
                    "position": {
                        "startLine": 8,
                        "startColumn": 4,
                        "startOffset": 1047,
                        "endColumn": 129,
                        "endOffset": 1172
                    }
                }
            },
            {
                "to": {
                    "startLine": 26,
                    "startColumn": 4,
                    "startOffset": 2936,
                    "endColumn": 224,
                    "endOffset": 3156
                },
                "from": {
                    "file": "C:\\Users\\ADMIN\\.android\\build-cache\\fe541dc57c9d228369ed2110591b9ddf40b761e0\\output\\res\\values-nl\\values.xml",
                    "position": {
                        "startLine": 9,
                        "startColumn": 4,
                        "startOffset": 1177,
                        "endColumn": 224,
                        "endOffset": 1397
                    }
                }
            },
            {
                "to": {
                    "startLine": 27,
                    "startColumn": 4,
                    "startOffset": 3161,
                    "endColumn": 223,
                    "endOffset": 3380
                },
                "from": {
                    "file": "C:\\Users\\ADMIN\\.android\\build-cache\\fe541dc57c9d228369ed2110591b9ddf40b761e0\\output\\res\\values-nl\\values.xml",
                    "position": {
                        "startLine": 10,
                        "startColumn": 4,
                        "startOffset": 1402,
                        "endColumn": 223,
                        "endOffset": 1621
                    }
                }
            },
            {
                "to": {
                    "startLine": 28,
                    "startColumn": 4,
                    "startOffset": 3385,
                    "endColumn": 128,
                    "endOffset": 3509
                },
                "from": {
                    "file": "C:\\Users\\ADMIN\\.android\\build-cache\\fe541dc57c9d228369ed2110591b9ddf40b761e0\\output\\res\\values-nl\\values.xml",
                    "position": {
                        "startLine": 11,
                        "startColumn": 4,
                        "startOffset": 1626,
                        "endColumn": 128,
                        "endOffset": 1750
                    }
                }
            },
            {
                "to": {
                    "startLine": 29,
                    "startColumn": 4,
                    "startOffset": 3514,
                    "endColumn": 187,
                    "endOffset": 3697
                },
                "from": {
                    "file": "C:\\Users\\ADMIN\\.android\\build-cache\\fe541dc57c9d228369ed2110591b9ddf40b761e0\\output\\res\\values-nl\\values.xml",
                    "position": {
                        "startLine": 12,
                        "startColumn": 4,
                        "startOffset": 1755,
                        "endColumn": 187,
                        "endOffset": 1938
                    }
                }
            },
            {
                "to": {
                    "startLine": 30,
                    "startColumn": 4,
                    "startOffset": 3702,
                    "endColumn": 124,
                    "endOffset": 3822
                },
                "from": {
                    "file": "C:\\Users\\ADMIN\\.android\\build-cache\\fe541dc57c9d228369ed2110591b9ddf40b761e0\\output\\res\\values-nl\\values.xml",
                    "position": {
                        "startLine": 13,
                        "startColumn": 4,
                        "startOffset": 1943,
                        "endColumn": 124,
                        "endOffset": 2063
                    }
                }
            },
            {
                "to": {
                    "startLine": 31,
                    "startColumn": 4,
                    "startOffset": 3827,
                    "endColumn": 188,
                    "endOffset": 4011
                },
                "from": {
                    "file": "C:\\Users\\ADMIN\\.android\\build-cache\\fe541dc57c9d228369ed2110591b9ddf40b761e0\\output\\res\\values-nl\\values.xml",
                    "position": {
                        "startLine": 14,
                        "startColumn": 4,
                        "startOffset": 2068,
                        "endColumn": 188,
                        "endOffset": 2252
                    }
                }
            },
            {
                "to": {
                    "startLine": 32,
                    "startColumn": 4,
                    "startOffset": 4016,
                    "endColumn": 117,
                    "endOffset": 4129
                },
                "from": {
                    "file": "C:\\Users\\ADMIN\\.android\\build-cache\\fe541dc57c9d228369ed2110591b9ddf40b761e0\\output\\res\\values-nl\\values.xml",
                    "position": {
                        "startLine": 15,
                        "startColumn": 4,
                        "startOffset": 2257,
                        "endColumn": 117,
                        "endOffset": 2370
                    }
                }
            },
            {
                "to": {
                    "startLine": 33,
                    "startColumn": 4,
                    "startOffset": 4134,
                    "endColumn": 134,
                    "endOffset": 4264
                },
                "from": {
                    "file": "C:\\Users\\ADMIN\\.android\\build-cache\\fe541dc57c9d228369ed2110591b9ddf40b761e0\\output\\res\\values-nl\\values.xml",
                    "position": {
                        "startLine": 16,
                        "startColumn": 4,
                        "startOffset": 2375,
                        "endColumn": 134,
                        "endOffset": 2505
                    }
                }
            },
            {
                "to": {
                    "startLine": 34,
                    "startColumn": 4,
                    "startOffset": 4269,
                    "endColumn": 185,
                    "endOffset": 4450
                },
                "from": {
                    "file": "C:\\Users\\ADMIN\\.android\\build-cache\\fe541dc57c9d228369ed2110591b9ddf40b761e0\\output\\res\\values-nl\\values.xml",
                    "position": {
                        "startLine": 17,
                        "startColumn": 4,
                        "startOffset": 2510,
                        "endColumn": 185,
                        "endOffset": 2691
                    }
                }
            },
            {
                "to": {
                    "startLine": 35,
                    "startColumn": 4,
                    "startOffset": 4455,
                    "endColumn": 151,
                    "endOffset": 4602
                },
                "from": {
                    "file": "C:\\Users\\ADMIN\\.android\\build-cache\\fe541dc57c9d228369ed2110591b9ddf40b761e0\\output\\res\\values-nl\\values.xml",
                    "position": {
                        "startLine": 18,
                        "startColumn": 4,
                        "startOffset": 2696,
                        "endColumn": 151,
                        "endOffset": 2843
                    }
                }
            },
            {
                "to": {
                    "startLine": 36,
                    "startColumn": 4,
                    "startOffset": 4607,
                    "endColumn": 178,
                    "endOffset": 4781
                },
                "from": {
                    "file": "C:\\Users\\ADMIN\\.android\\build-cache\\fe541dc57c9d228369ed2110591b9ddf40b761e0\\output\\res\\values-nl\\values.xml",
                    "position": {
                        "startLine": 19,
                        "startColumn": 4,
                        "startOffset": 2848,
                        "endColumn": 178,
                        "endOffset": 3022
                    }
                }
            },
            {
                "to": {
                    "startLine": 37,
                    "startColumn": 4,
                    "startOffset": 4786,
                    "endColumn": 126,
                    "endOffset": 4908
                },
                "from": {
                    "file": "C:\\Users\\ADMIN\\.android\\build-cache\\fe541dc57c9d228369ed2110591b9ddf40b761e0\\output\\res\\values-nl\\values.xml",
                    "position": {
                        "startLine": 20,
                        "startColumn": 4,
                        "startOffset": 3027,
                        "endColumn": 126,
                        "endOffset": 3149
                    }
                }
            },
            {
                "to": {
                    "startLine": 38,
                    "startColumn": 4,
                    "startOffset": 4913,
                    "endColumn": 173,
                    "endOffset": 5082
                },
                "from": {
                    "file": "C:\\Users\\ADMIN\\.android\\build-cache\\fe541dc57c9d228369ed2110591b9ddf40b761e0\\output\\res\\values-nl\\values.xml",
                    "position": {
                        "startLine": 21,
                        "startColumn": 4,
                        "startOffset": 3154,
                        "endColumn": 173,
                        "endOffset": 3323
                    }
                }
            },
            {
                "to": {
                    "startLine": 39,
                    "startColumn": 4,
                    "startOffset": 5087,
                    "endColumn": 123,
                    "endOffset": 5206
                },
                "from": {
                    "file": "C:\\Users\\ADMIN\\.android\\build-cache\\fe541dc57c9d228369ed2110591b9ddf40b761e0\\output\\res\\values-nl\\values.xml",
                    "position": {
                        "startLine": 22,
                        "startColumn": 4,
                        "startOffset": 3328,
                        "endColumn": 123,
                        "endOffset": 3447
                    }
                }
            },
            {
                "to": {
                    "startLine": 40,
                    "startColumn": 4,
                    "startOffset": 5211,
                    "endColumn": 266,
                    "endOffset": 5473
                },
                "from": {
                    "file": "C:\\Users\\ADMIN\\.android\\build-cache\\3b3c45be01e6a89b22f090b73baf1df367750cf0\\output\\res\\values-nl\\values.xml",
                    "position": {
                        "startLine": 4,
                        "startColumn": 4,
                        "startOffset": 325,
                        "endColumn": 266,
                        "endOffset": 587
                    }
                }
            },
            {
                "to": {
                    "startLine": 41,
                    "startColumn": 4,
                    "startOffset": 5478,
                    "endColumn": 266,
                    "endOffset": 5740
                },
                "from": {
                    "file": "C:\\Users\\ADMIN\\.android\\build-cache\\fe541dc57c9d228369ed2110591b9ddf40b761e0\\output\\res\\values-nl\\values.xml",
                    "position": {
                        "startLine": 23,
                        "startColumn": 4,
                        "startOffset": 3452,
                        "endColumn": 266,
                        "endOffset": 3714
                    }
                }
            },
            {
                "to": {
                    "startLine": 42,
                    "startColumn": 4,
                    "startOffset": 5745,
                    "endColumn": 123,
                    "endOffset": 5864
                },
                "from": {
                    "file": "C:\\Users\\ADMIN\\.android\\build-cache\\fe541dc57c9d228369ed2110591b9ddf40b761e0\\output\\res\\values-nl\\values.xml",
                    "position": {
                        "startLine": 24,
                        "startColumn": 4,
                        "startOffset": 3719,
                        "endColumn": 123,
                        "endOffset": 3838
                    }
                }
            },
            {
                "to": {
                    "startLine": 43,
                    "startColumn": 4,
                    "startOffset": 5869,
                    "endColumn": 107,
                    "endOffset": 5972
                },
                "from": {
                    "file": "C:\\Users\\ADMIN\\.android\\build-cache\\fe541dc57c9d228369ed2110591b9ddf40b761e0\\output\\res\\values-nl\\values.xml",
                    "position": {
                        "startLine": 25,
                        "startColumn": 4,
                        "startOffset": 3843,
                        "endColumn": 107,
                        "endOffset": 3946
                    }
                }
            },
            {
                "to": {
                    "startLine": 44,
                    "startColumn": 4,
                    "startOffset": 5977,
                    "endColumn": 199,
                    "endOffset": 6172
                },
                "from": {
                    "file": "C:\\Users\\ADMIN\\.android\\build-cache\\fe541dc57c9d228369ed2110591b9ddf40b761e0\\output\\res\\values-nl\\values.xml",
                    "position": {
                        "startLine": 26,
                        "startColumn": 4,
                        "startOffset": 3951,
                        "endColumn": 199,
                        "endOffset": 4146
                    }
                }
            },
            {
                "to": {
                    "startLine": 45,
                    "startColumn": 4,
                    "startOffset": 6177,
                    "endColumn": 127,
                    "endOffset": 6300
                },
                "from": {
                    "file": "C:\\Users\\ADMIN\\.android\\build-cache\\fe541dc57c9d228369ed2110591b9ddf40b761e0\\output\\res\\values-nl\\values.xml",
                    "position": {
                        "startLine": 27,
                        "startColumn": 4,
                        "startOffset": 4151,
                        "endColumn": 127,
                        "endOffset": 4274
                    }
                }
            },
            {
                "to": {
                    "startLine": 46,
                    "startColumn": 4,
                    "startOffset": 6305,
                    "endColumn": 221,
                    "endOffset": 6522
                },
                "from": {
                    "file": "C:\\Users\\ADMIN\\.android\\build-cache\\fe541dc57c9d228369ed2110591b9ddf40b761e0\\output\\res\\values-nl\\values.xml",
                    "position": {
                        "startLine": 28,
                        "startColumn": 4,
                        "startOffset": 4279,
                        "endColumn": 221,
                        "endOffset": 4496
                    }
                }
            },
            {
                "to": {
                    "startLine": 47,
                    "startColumn": 4,
                    "startOffset": 6527,
                    "endColumn": 138,
                    "endOffset": 6661
                },
                "from": {
                    "file": "C:\\Users\\ADMIN\\.android\\build-cache\\fe541dc57c9d228369ed2110591b9ddf40b761e0\\output\\res\\values-nl\\values.xml",
                    "position": {
                        "startLine": 29,
                        "startColumn": 4,
                        "startOffset": 4501,
                        "endColumn": 138,
                        "endOffset": 4635
                    }
                }
            },
            {
                "to": {
                    "startLine": 48,
                    "startColumn": 4,
                    "startOffset": 6666,
                    "endColumn": 211,
                    "endOffset": 6873
                },
                "from": {
                    "file": "C:\\Users\\ADMIN\\.android\\build-cache\\fe541dc57c9d228369ed2110591b9ddf40b761e0\\output\\res\\values-nl\\values.xml",
                    "position": {
                        "startLine": 30,
                        "startColumn": 4,
                        "startOffset": 4640,
                        "endColumn": 211,
                        "endOffset": 4847
                    }
                }
            },
            {
                "to": {
                    "startLine": 49,
                    "startColumn": 4,
                    "startOffset": 6878,
                    "endColumn": 97,
                    "endOffset": 6971
                },
                "from": {
                    "file": "C:\\Users\\ADMIN\\.android\\build-cache\\fe541dc57c9d228369ed2110591b9ddf40b761e0\\output\\res\\values-nl\\values.xml",
                    "position": {
                        "startLine": 31,
                        "startColumn": 4,
                        "startOffset": 4852,
                        "endColumn": 97,
                        "endOffset": 4945
                    }
                }
            },
            {
                "to": {
                    "startLine": 50,
                    "startColumn": 4,
                    "startOffset": 6976,
                    "endColumn": 92,
                    "endOffset": 7064
                },
                "from": {
                    "file": "C:\\Users\\ADMIN\\.android\\build-cache\\fe541dc57c9d228369ed2110591b9ddf40b761e0\\output\\res\\values-nl\\values.xml",
                    "position": {
                        "startLine": 32,
                        "startColumn": 4,
                        "startOffset": 4950,
                        "endColumn": 92,
                        "endOffset": 5038
                    }
                }
            },
            {
                "to": {
                    "startLine": 51,
                    "startColumn": 4,
                    "startOffset": 7069,
                    "endColumn": 107,
                    "endOffset": 7172
                },
                "from": {
                    "file": "C:\\Users\\ADMIN\\.android\\build-cache\\fe541dc57c9d228369ed2110591b9ddf40b761e0\\output\\res\\values-nl\\values.xml",
                    "position": {
                        "startLine": 33,
                        "startColumn": 4,
                        "startOffset": 5043,
                        "endColumn": 107,
                        "endOffset": 5146
                    }
                }
            },
            {
                "to": {
                    "startLine": 52,
                    "startColumn": 4,
                    "startOffset": 7177,
                    "endColumn": 106,
                    "endOffset": 7279
                },
                "from": {
                    "file": "C:\\Users\\ADMIN\\.android\\build-cache\\a2b3d40b12d9610bee7ce2deaedc414c5fd6b5b0\\output\\res\\values-nl\\values-nl.xml",
                    "position": {
                        "startLine": 4,
                        "startColumn": 4,
                        "startOffset": 278,
                        "endColumn": 106,
                        "endOffset": 380
                    }
                }
            },
            {
                "to": {
                    "startLine": 53,
                    "startColumn": 4,
                    "startOffset": 7284,
                    "endColumn": 113,
                    "endOffset": 7393
                },
                "from": {
                    "file": "C:\\Users\\ADMIN\\.android\\build-cache\\a2b3d40b12d9610bee7ce2deaedc414c5fd6b5b0\\output\\res\\values-nl\\values-nl.xml",
                    "position": {
                        "startLine": 5,
                        "startColumn": 4,
                        "startOffset": 385,
                        "endColumn": 113,
                        "endOffset": 494
                    }
                }
            },
            {
                "to": {
                    "startLine": 54,
                    "startColumn": 4,
                    "startOffset": 7398,
                    "endColumn": 116,
                    "endOffset": 7510
                },
                "from": {
                    "file": "C:\\Users\\ADMIN\\.android\\build-cache\\a2b3d40b12d9610bee7ce2deaedc414c5fd6b5b0\\output\\res\\values-nl\\values-nl.xml",
                    "position": {
                        "startLine": 6,
                        "startColumn": 4,
                        "startOffset": 499,
                        "endColumn": 116,
                        "endOffset": 611
                    }
                }
            },
            {
                "to": {
                    "startLine": 55,
                    "startColumn": 4,
                    "startOffset": 7515,
                    "endColumn": 114,
                    "endOffset": 7625
                },
                "from": {
                    "file": "C:\\Users\\ADMIN\\.android\\build-cache\\a2b3d40b12d9610bee7ce2deaedc414c5fd6b5b0\\output\\res\\values-nl\\values-nl.xml",
                    "position": {
                        "startLine": 7,
                        "startColumn": 4,
                        "startOffset": 616,
                        "endColumn": 114,
                        "endOffset": 726
                    }
                }
            },
            {
                "to": {
                    "startLine": 56,
                    "startColumn": 4,
                    "startOffset": 7630,
                    "endColumn": 129,
                    "endOffset": 7755
                },
                "from": {
                    "file": "C:\\Users\\ADMIN\\.android\\build-cache\\a2b3d40b12d9610bee7ce2deaedc414c5fd6b5b0\\output\\res\\values-nl\\values-nl.xml",
                    "position": {
                        "startLine": 8,
                        "startColumn": 4,
                        "startOffset": 731,
                        "endColumn": 129,
                        "endOffset": 856
                    }
                }
            },
            {
                "to": {
                    "startLine": 57,
                    "startColumn": 4,
                    "startOffset": 7760,
                    "endColumn": 101,
                    "endOffset": 7857
                },
                "from": {
                    "file": "C:\\Users\\ADMIN\\.android\\build-cache\\a2b3d40b12d9610bee7ce2deaedc414c5fd6b5b0\\output\\res\\values-nl\\values-nl.xml",
                    "position": {
                        "startLine": 9,
                        "startColumn": 4,
                        "startOffset": 861,
                        "endColumn": 101,
                        "endOffset": 958
                    }
                }
            },
            {
                "to": {
                    "startLine": 58,
                    "startColumn": 4,
                    "startOffset": 7862,
                    "endColumn": 97,
                    "endOffset": 7955
                },
                "from": {
                    "file": "C:\\Users\\ADMIN\\.android\\build-cache\\a2b3d40b12d9610bee7ce2deaedc414c5fd6b5b0\\output\\res\\values-nl\\values-nl.xml",
                    "position": {
                        "startLine": 10,
                        "startColumn": 4,
                        "startOffset": 963,
                        "endColumn": 97,
                        "endOffset": 1056
                    }
                }
            },
            {
                "to": {
                    "startLine": 59,
                    "startColumn": 4,
                    "startOffset": 7960,
                    "endColumn": 122,
                    "endOffset": 8078
                },
                "from": {
                    "file": "C:\\Users\\ADMIN\\.android\\build-cache\\a2b3d40b12d9610bee7ce2deaedc414c5fd6b5b0\\output\\res\\values-nl\\values-nl.xml",
                    "position": {
                        "startLine": 11,
                        "startColumn": 4,
                        "startOffset": 1061,
                        "endColumn": 122,
                        "endOffset": 1179
                    }
                }
            },
            {
                "to": {
                    "startLine": 60,
                    "startColumn": 4,
                    "startOffset": 8083,
                    "endColumn": 103,
                    "endOffset": 8182
                },
                "from": {
                    "file": "C:\\Users\\ADMIN\\.android\\build-cache\\a2b3d40b12d9610bee7ce2deaedc414c5fd6b5b0\\output\\res\\values-nl\\values-nl.xml",
                    "position": {
                        "startLine": 12,
                        "startColumn": 4,
                        "startOffset": 1184,
                        "endColumn": 103,
                        "endOffset": 1283
                    }
                }
            },
            {
                "to": {
                    "startLine": 61,
                    "startColumn": 4,
                    "startOffset": 8187,
                    "endColumn": 86,
                    "endOffset": 8269
                },
                "from": {
                    "file": "C:\\Users\\ADMIN\\.android\\build-cache\\a2b3d40b12d9610bee7ce2deaedc414c5fd6b5b0\\output\\res\\values-nl\\values-nl.xml",
                    "position": {
                        "startLine": 13,
                        "startColumn": 4,
                        "startOffset": 1288,
                        "endColumn": 86,
                        "endOffset": 1370
                    }
                }
            },
            {
                "to": {
                    "startLine": 62,
                    "startColumn": 4,
                    "startOffset": 8274,
                    "endColumn": 95,
                    "endOffset": 8365
                },
                "from": {
                    "file": "C:\\Users\\ADMIN\\.android\\build-cache\\a2b3d40b12d9610bee7ce2deaedc414c5fd6b5b0\\output\\res\\values-nl\\values-nl.xml",
                    "position": {
                        "startLine": 14,
                        "startColumn": 4,
                        "startOffset": 1375,
                        "endColumn": 95,
                        "endOffset": 1466
                    }
                }
            },
            {
                "to": {
                    "startLine": 63,
                    "startColumn": 4,
                    "startOffset": 8370,
                    "endColumn": 109,
                    "endOffset": 8475
                },
                "from": {
                    "file": "C:\\Users\\ADMIN\\.android\\build-cache\\fe59ef60328d1e68be970eb7f16fd43f4c6027ee\\output\\res\\values-nl\\values.xml",
                    "position": {
                        "startLine": 4,
                        "startColumn": 4,
                        "startOffset": 275,
                        "endColumn": 109,
                        "endOffset": 380
                    }
                }
            },
            {
                "to": {
                    "startLine": 64,
                    "startColumn": 4,
                    "startOffset": 8480,
                    "endColumn": 95,
                    "endOffset": 8571
                },
                "from": {
                    "file": "C:\\Users\\ADMIN\\.android\\build-cache\\fe59ef60328d1e68be970eb7f16fd43f4c6027ee\\output\\res\\values-nl\\values.xml",
                    "position": {
                        "startLine": 5,
                        "startColumn": 4,
                        "startOffset": 385,
                        "endColumn": 95,
                        "endOffset": 476
                    }
                }
            },
            {
                "to": {
                    "startLine": 65,
                    "startColumn": 4,
                    "startOffset": 8576,
                    "endColumn": 81,
                    "endOffset": 8653
                },
                "from": {
                    "file": "C:\\Users\\ADMIN\\.android\\build-cache\\95f3ac9d8d29c858841e3e7390a95721f395d906\\output\\res\\values-nl\\values-nl.xml",
                    "position": {
                        "startLine": 21,
                        "startColumn": 4,
                        "startOffset": 2032,
                        "endColumn": 81,
                        "endOffset": 2109
                    }
                }
            },
            {
                "to": {
                    "startLine": 66,
                    "startColumn": 4,
                    "startOffset": 8658,
                    "endColumn": 100,
                    "endOffset": 8754
                },
                "from": {
                    "file": "C:\\Users\\ADMIN\\.android\\build-cache\\95f3ac9d8d29c858841e3e7390a95721f395d906\\output\\res\\values-nl\\values-nl.xml",
                    "position": {
                        "startLine": 22,
                        "startColumn": 4,
                        "startOffset": 2114,
                        "endColumn": 100,
                        "endOffset": 2210
                    }
                }
            }
        ]
    },
    {
        "outputFile": "D:\\Project Work\\Call recorder\\CallRecorder\\app\\build\\intermediates\\incremental\\mergeDebugResources\\merged.dir\\values-nl\\values-nl.xml",
        "map": [
            {
                "to": {
                    "startLine": 2,
                    "startColumn": 4,
                    "startOffset": 105,
                    "endColumn": 117,
                    "endOffset": 218
                },
                "from": {
                    "file": "C:\\Users\\VIJAY\\.android\\build-cache\\95f3ac9d8d29c858841e3e7390a95721f395d906\\output\\res\\values-nl\\values-nl.xml",
                    "position": {
                        "startLine": 2,
                        "startColumn": 4,
                        "startOffset": 55,
                        "endColumn": 117,
                        "endOffset": 168
                    }
                }
            },
            {
                "to": {
                    "startLine": 3,
                    "startColumn": 4,
                    "startOffset": 223,
                    "endColumn": 107,
                    "endOffset": 326
                },
                "from": {
                    "file": "C:\\Users\\VIJAY\\.android\\build-cache\\95f3ac9d8d29c858841e3e7390a95721f395d906\\output\\res\\values-nl\\values-nl.xml",
                    "position": {
                        "startLine": 3,
                        "startColumn": 4,
                        "startOffset": 173,
                        "endColumn": 107,
                        "endOffset": 276
                    }
                }
            },
            {
                "to": {
                    "startLine": 4,
                    "startColumn": 4,
                    "startOffset": 331,
                    "endColumn": 122,
                    "endOffset": 449
                },
                "from": {
                    "file": "C:\\Users\\VIJAY\\.android\\build-cache\\95f3ac9d8d29c858841e3e7390a95721f395d906\\output\\res\\values-nl\\values-nl.xml",
                    "position": {
                        "startLine": 4,
                        "startColumn": 4,
                        "startOffset": 281,
                        "endColumn": 122,
                        "endOffset": 399
                    }
                }
            },
            {
                "to": {
                    "startLine": 5,
                    "startColumn": 4,
                    "startOffset": 454,
                    "endColumn": 104,
                    "endOffset": 554
                },
                "from": {
                    "file": "C:\\Users\\VIJAY\\.android\\build-cache\\95f3ac9d8d29c858841e3e7390a95721f395d906\\output\\res\\values-nl\\values-nl.xml",
                    "position": {
                        "startLine": 5,
                        "startColumn": 4,
                        "startOffset": 404,
                        "endColumn": 104,
                        "endOffset": 504
                    }
                }
            },
            {
                "to": {
                    "startLine": 6,
                    "startColumn": 4,
                    "startOffset": 559,
                    "endColumn": 106,
                    "endOffset": 661
                },
                "from": {
                    "file": "C:\\Users\\VIJAY\\.android\\build-cache\\95f3ac9d8d29c858841e3e7390a95721f395d906\\output\\res\\values-nl\\values-nl.xml",
                    "position": {
                        "startLine": 6,
                        "startColumn": 4,
                        "startOffset": 509,
                        "endColumn": 106,
                        "endOffset": 611
                    }
                }
            },
            {
                "to": {
                    "startLine": 7,
                    "startColumn": 4,
                    "startOffset": 666,
                    "endColumn": 85,
                    "endOffset": 747
                },
                "from": {
                    "file": "C:\\Users\\VIJAY\\.android\\build-cache\\95f3ac9d8d29c858841e3e7390a95721f395d906\\output\\res\\values-nl\\values-nl.xml",
                    "position": {
                        "startLine": 7,
                        "startColumn": 4,
                        "startOffset": 616,
                        "endColumn": 85,
                        "endOffset": 697
                    }
                }
            },
            {
                "to": {
                    "startLine": 8,
                    "startColumn": 4,
                    "startOffset": 752,
                    "endColumn": 107,
                    "endOffset": 855
                },
                "from": {
                    "file": "C:\\Users\\VIJAY\\.android\\build-cache\\95f3ac9d8d29c858841e3e7390a95721f395d906\\output\\res\\values-nl\\values-nl.xml",
                    "position": {
                        "startLine": 8,
                        "startColumn": 4,
                        "startOffset": 702,
                        "endColumn": 107,
                        "endOffset": 805
                    }
                }
            },
            {
                "to": {
                    "startLine": 9,
                    "startColumn": 4,
                    "startOffset": 860,
                    "endColumn": 119,
                    "endOffset": 975
                },
                "from": {
                    "file": "C:\\Users\\VIJAY\\.android\\build-cache\\95f3ac9d8d29c858841e3e7390a95721f395d906\\output\\res\\values-nl\\values-nl.xml",
                    "position": {
                        "startLine": 9,
                        "startColumn": 4,
                        "startOffset": 810,
                        "endColumn": 119,
                        "endOffset": 925
                    }
                }
            },
            {
                "to": {
                    "startLine": 10,
                    "startColumn": 4,
                    "startOffset": 980,
                    "endColumn": 76,
                    "endOffset": 1052
                },
                "from": {
                    "file": "C:\\Users\\VIJAY\\.android\\build-cache\\95f3ac9d8d29c858841e3e7390a95721f395d906\\output\\res\\values-nl\\values-nl.xml",
                    "position": {
                        "startLine": 10,
                        "startColumn": 4,
                        "startOffset": 930,
                        "endColumn": 76,
                        "endOffset": 1002
                    }
                }
            },
            {
                "to": {
                    "startLine": 11,
                    "startColumn": 4,
                    "startOffset": 1057,
                    "endColumn": 76,
                    "endOffset": 1129
                },
                "from": {
                    "file": "C:\\Users\\VIJAY\\.android\\build-cache\\95f3ac9d8d29c858841e3e7390a95721f395d906\\output\\res\\values-nl\\values-nl.xml",
                    "position": {
                        "startLine": 11,
                        "startColumn": 4,
                        "startOffset": 1007,
                        "endColumn": 76,
                        "endOffset": 1079
                    }
                }
            },
            {
                "to": {
                    "startLine": 12,
                    "startColumn": 4,
                    "startOffset": 1134,
                    "endColumn": 81,
                    "endOffset": 1211
                },
                "from": {
                    "file": "C:\\Users\\VIJAY\\.android\\build-cache\\95f3ac9d8d29c858841e3e7390a95721f395d906\\output\\res\\values-nl\\values-nl.xml",
                    "position": {
                        "startLine": 12,
                        "startColumn": 4,
                        "startOffset": 1084,
                        "endColumn": 81,
                        "endOffset": 1161
                    }
                }
            },
            {
                "to": {
                    "startLine": 13,
                    "startColumn": 4,
                    "startOffset": 1216,
                    "endColumn": 110,
                    "endOffset": 1322
                },
                "from": {
                    "file": "C:\\Users\\VIJAY\\.android\\build-cache\\95f3ac9d8d29c858841e3e7390a95721f395d906\\output\\res\\values-nl\\values-nl.xml",
                    "position": {
                        "startLine": 13,
                        "startColumn": 4,
                        "startOffset": 1166,
                        "endColumn": 110,
                        "endOffset": 1272
                    }
                }
            },
            {
                "to": {
                    "startLine": 14,
                    "startColumn": 4,
                    "startOffset": 1327,
                    "endColumn": 103,
                    "endOffset": 1426
                },
                "from": {
                    "file": "C:\\Users\\VIJAY\\.android\\build-cache\\95f3ac9d8d29c858841e3e7390a95721f395d906\\output\\res\\values-nl\\values-nl.xml",
                    "position": {
                        "startLine": 14,
                        "startColumn": 4,
                        "startOffset": 1277,
                        "endColumn": 103,
                        "endOffset": 1376
                    }
                }
            },
            {
                "to": {
                    "startLine": 15,
                    "startColumn": 4,
                    "startOffset": 1431,
                    "endColumn": 98,
                    "endOffset": 1525
                },
                "from": {
                    "file": "C:\\Users\\VIJAY\\.android\\build-cache\\95f3ac9d8d29c858841e3e7390a95721f395d906\\output\\res\\values-nl\\values-nl.xml",
                    "position": {
                        "startLine": 15,
                        "startColumn": 4,
                        "startOffset": 1381,
                        "endColumn": 98,
                        "endOffset": 1475
                    }
                }
            },
            {
                "to": {
                    "startLine": 16,
                    "startColumn": 4,
                    "startOffset": 1530,
                    "endColumn": 114,
                    "endOffset": 1640
                },
                "from": {
                    "file": "C:\\Users\\VIJAY\\.android\\build-cache\\95f3ac9d8d29c858841e3e7390a95721f395d906\\output\\res\\values-nl\\values-nl.xml",
                    "position": {
                        "startLine": 16,
                        "startColumn": 4,
                        "startOffset": 1480,
                        "endColumn": 114,
                        "endOffset": 1590
                    }
                }
            },
            {
                "to": {
                    "startLine": 17,
                    "startColumn": 4,
                    "startOffset": 1645,
                    "endColumn": 112,
                    "endOffset": 1753
                },
                "from": {
                    "file": "C:\\Users\\VIJAY\\.android\\build-cache\\95f3ac9d8d29c858841e3e7390a95721f395d906\\output\\res\\values-nl\\values-nl.xml",
                    "position": {
                        "startLine": 17,
                        "startColumn": 4,
                        "startOffset": 1595,
                        "endColumn": 112,
                        "endOffset": 1703
                    }
                }
            },
            {
                "to": {
                    "startLine": 18,
                    "startColumn": 4,
                    "startOffset": 1758,
                    "endColumn": 102,
                    "endOffset": 1856
                },
                "from": {
                    "file": "C:\\Users\\VIJAY\\.android\\build-cache\\95f3ac9d8d29c858841e3e7390a95721f395d906\\output\\res\\values-nl\\values-nl.xml",
                    "position": {
                        "startLine": 18,
                        "startColumn": 4,
                        "startOffset": 1708,
                        "endColumn": 102,
                        "endOffset": 1806
                    }
                }
            },
            {
                "to": {
                    "startLine": 19,
                    "startColumn": 4,
                    "startOffset": 1861,
                    "endColumn": 117,
                    "endOffset": 1974
                },
                "from": {
                    "file": "C:\\Users\\VIJAY\\.android\\build-cache\\95f3ac9d8d29c858841e3e7390a95721f395d906\\output\\res\\values-nl\\values-nl.xml",
                    "position": {
                        "startLine": 19,
                        "startColumn": 4,
                        "startOffset": 1811,
                        "endColumn": 117,
                        "endOffset": 1924
                    }
                }
            },
            {
                "to": {
                    "startLine": 20,
                    "startColumn": 4,
                    "startOffset": 1979,
                    "endColumn": 102,
                    "endOffset": 2077
                },
                "from": {
                    "file": "C:\\Users\\VIJAY\\.android\\build-cache\\95f3ac9d8d29c858841e3e7390a95721f395d906\\output\\res\\values-nl\\values-nl.xml",
                    "position": {
                        "startLine": 20,
                        "startColumn": 4,
                        "startOffset": 1929,
                        "endColumn": 102,
                        "endOffset": 2027
                    }
                }
            },
            {
                "to": {
                    "startLine": 21,
                    "startColumn": 4,
                    "startOffset": 2082,
                    "endColumn": 274,
                    "endOffset": 2352
                },
                "from": {
                    "file": "C:\\Users\\VIJAY\\.android\\build-cache\\fe541dc57c9d228369ed2110591b9ddf40b761e0\\output\\res\\values-nl\\values.xml",
                    "position": {
                        "startLine": 4,
                        "startColumn": 4,
                        "startOffset": 323,
                        "endColumn": 274,
                        "endOffset": 593
                    }
                }
            },
            {
                "to": {
                    "startLine": 22,
                    "startColumn": 4,
                    "startOffset": 2357,
                    "endColumn": 129,
                    "endOffset": 2482
                },
                "from": {
                    "file": "C:\\Users\\VIJAY\\.android\\build-cache\\fe541dc57c9d228369ed2110591b9ddf40b761e0\\output\\res\\values-nl\\values.xml",
                    "position": {
                        "startLine": 5,
                        "startColumn": 4,
                        "startOffset": 598,
                        "endColumn": 129,
                        "endOffset": 723
                    }
                }
            },
            {
                "to": {
                    "startLine": 23,
                    "startColumn": 4,
                    "startOffset": 2487,
                    "endColumn": 186,
                    "endOffset": 2669
                },
                "from": {
                    "file": "C:\\Users\\VIJAY\\.android\\build-cache\\fe541dc57c9d228369ed2110591b9ddf40b761e0\\output\\res\\values-nl\\values.xml",
                    "position": {
                        "startLine": 6,
                        "startColumn": 4,
                        "startOffset": 728,
                        "endColumn": 186,
                        "endOffset": 910
                    }
                }
            },
            {
                "to": {
                    "startLine": 24,
                    "startColumn": 4,
                    "startOffset": 2674,
                    "endColumn": 131,
                    "endOffset": 2801
                },
                "from": {
                    "file": "C:\\Users\\VIJAY\\.android\\build-cache\\fe541dc57c9d228369ed2110591b9ddf40b761e0\\output\\res\\values-nl\\values.xml",
                    "position": {
                        "startLine": 7,
                        "startColumn": 4,
                        "startOffset": 915,
                        "endColumn": 131,
                        "endOffset": 1042
                    }
                }
            },
            {
                "to": {
                    "startLine": 25,
                    "startColumn": 4,
                    "startOffset": 2806,
                    "endColumn": 129,
                    "endOffset": 2931
                },
                "from": {
                    "file": "C:\\Users\\VIJAY\\.android\\build-cache\\fe541dc57c9d228369ed2110591b9ddf40b761e0\\output\\res\\values-nl\\values.xml",
                    "position": {
                        "startLine": 8,
                        "startColumn": 4,
                        "startOffset": 1047,
                        "endColumn": 129,
                        "endOffset": 1172
                    }
                }
            },
            {
                "to": {
                    "startLine": 26,
                    "startColumn": 4,
                    "startOffset": 2936,
                    "endColumn": 224,
                    "endOffset": 3156
                },
                "from": {
                    "file": "C:\\Users\\VIJAY\\.android\\build-cache\\fe541dc57c9d228369ed2110591b9ddf40b761e0\\output\\res\\values-nl\\values.xml",
                    "position": {
                        "startLine": 9,
                        "startColumn": 4,
                        "startOffset": 1177,
                        "endColumn": 224,
                        "endOffset": 1397
                    }
                }
            },
            {
                "to": {
                    "startLine": 27,
                    "startColumn": 4,
                    "startOffset": 3161,
                    "endColumn": 223,
                    "endOffset": 3380
                },
                "from": {
                    "file": "C:\\Users\\VIJAY\\.android\\build-cache\\fe541dc57c9d228369ed2110591b9ddf40b761e0\\output\\res\\values-nl\\values.xml",
                    "position": {
                        "startLine": 10,
                        "startColumn": 4,
                        "startOffset": 1402,
                        "endColumn": 223,
                        "endOffset": 1621
                    }
                }
            },
            {
                "to": {
                    "startLine": 28,
                    "startColumn": 4,
                    "startOffset": 3385,
                    "endColumn": 128,
                    "endOffset": 3509
                },
                "from": {
                    "file": "C:\\Users\\VIJAY\\.android\\build-cache\\fe541dc57c9d228369ed2110591b9ddf40b761e0\\output\\res\\values-nl\\values.xml",
                    "position": {
                        "startLine": 11,
                        "startColumn": 4,
                        "startOffset": 1626,
                        "endColumn": 128,
                        "endOffset": 1750
                    }
                }
            },
            {
                "to": {
                    "startLine": 29,
                    "startColumn": 4,
                    "startOffset": 3514,
                    "endColumn": 187,
                    "endOffset": 3697
                },
                "from": {
                    "file": "C:\\Users\\VIJAY\\.android\\build-cache\\fe541dc57c9d228369ed2110591b9ddf40b761e0\\output\\res\\values-nl\\values.xml",
                    "position": {
                        "startLine": 12,
                        "startColumn": 4,
                        "startOffset": 1755,
                        "endColumn": 187,
                        "endOffset": 1938
                    }
                }
            },
            {
                "to": {
                    "startLine": 30,
                    "startColumn": 4,
                    "startOffset": 3702,
                    "endColumn": 124,
                    "endOffset": 3822
                },
                "from": {
                    "file": "C:\\Users\\VIJAY\\.android\\build-cache\\fe541dc57c9d228369ed2110591b9ddf40b761e0\\output\\res\\values-nl\\values.xml",
                    "position": {
                        "startLine": 13,
                        "startColumn": 4,
                        "startOffset": 1943,
                        "endColumn": 124,
                        "endOffset": 2063
                    }
                }
            },
            {
                "to": {
                    "startLine": 31,
                    "startColumn": 4,
                    "startOffset": 3827,
                    "endColumn": 188,
                    "endOffset": 4011
                },
                "from": {
                    "file": "C:\\Users\\VIJAY\\.android\\build-cache\\fe541dc57c9d228369ed2110591b9ddf40b761e0\\output\\res\\values-nl\\values.xml",
                    "position": {
                        "startLine": 14,
                        "startColumn": 4,
                        "startOffset": 2068,
                        "endColumn": 188,
                        "endOffset": 2252
                    }
                }
            },
            {
                "to": {
                    "startLine": 32,
                    "startColumn": 4,
                    "startOffset": 4016,
                    "endColumn": 117,
                    "endOffset": 4129
                },
                "from": {
                    "file": "C:\\Users\\VIJAY\\.android\\build-cache\\fe541dc57c9d228369ed2110591b9ddf40b761e0\\output\\res\\values-nl\\values.xml",
                    "position": {
                        "startLine": 15,
                        "startColumn": 4,
                        "startOffset": 2257,
                        "endColumn": 117,
                        "endOffset": 2370
                    }
                }
            },
            {
                "to": {
                    "startLine": 33,
                    "startColumn": 4,
                    "startOffset": 4134,
                    "endColumn": 134,
                    "endOffset": 4264
                },
                "from": {
                    "file": "C:\\Users\\VIJAY\\.android\\build-cache\\fe541dc57c9d228369ed2110591b9ddf40b761e0\\output\\res\\values-nl\\values.xml",
                    "position": {
                        "startLine": 16,
                        "startColumn": 4,
                        "startOffset": 2375,
                        "endColumn": 134,
                        "endOffset": 2505
                    }
                }
            },
            {
                "to": {
                    "startLine": 34,
                    "startColumn": 4,
                    "startOffset": 4269,
                    "endColumn": 185,
                    "endOffset": 4450
                },
                "from": {
                    "file": "C:\\Users\\VIJAY\\.android\\build-cache\\fe541dc57c9d228369ed2110591b9ddf40b761e0\\output\\res\\values-nl\\values.xml",
                    "position": {
                        "startLine": 17,
                        "startColumn": 4,
                        "startOffset": 2510,
                        "endColumn": 185,
                        "endOffset": 2691
                    }
                }
            },
            {
                "to": {
                    "startLine": 35,
                    "startColumn": 4,
                    "startOffset": 4455,
                    "endColumn": 151,
                    "endOffset": 4602
                },
                "from": {
                    "file": "C:\\Users\\VIJAY\\.android\\build-cache\\fe541dc57c9d228369ed2110591b9ddf40b761e0\\output\\res\\values-nl\\values.xml",
                    "position": {
                        "startLine": 18,
                        "startColumn": 4,
                        "startOffset": 2696,
                        "endColumn": 151,
                        "endOffset": 2843
                    }
                }
            },
            {
                "to": {
                    "startLine": 36,
                    "startColumn": 4,
                    "startOffset": 4607,
                    "endColumn": 178,
                    "endOffset": 4781
                },
                "from": {
                    "file": "C:\\Users\\VIJAY\\.android\\build-cache\\fe541dc57c9d228369ed2110591b9ddf40b761e0\\output\\res\\values-nl\\values.xml",
                    "position": {
                        "startLine": 19,
                        "startColumn": 4,
                        "startOffset": 2848,
                        "endColumn": 178,
                        "endOffset": 3022
                    }
                }
            },
            {
                "to": {
                    "startLine": 37,
                    "startColumn": 4,
                    "startOffset": 4786,
                    "endColumn": 126,
                    "endOffset": 4908
                },
                "from": {
                    "file": "C:\\Users\\VIJAY\\.android\\build-cache\\fe541dc57c9d228369ed2110591b9ddf40b761e0\\output\\res\\values-nl\\values.xml",
                    "position": {
                        "startLine": 20,
                        "startColumn": 4,
                        "startOffset": 3027,
                        "endColumn": 126,
                        "endOffset": 3149
                    }
                }
            },
            {
                "to": {
                    "startLine": 38,
                    "startColumn": 4,
                    "startOffset": 4913,
                    "endColumn": 173,
                    "endOffset": 5082
                },
                "from": {
                    "file": "C:\\Users\\VIJAY\\.android\\build-cache\\fe541dc57c9d228369ed2110591b9ddf40b761e0\\output\\res\\values-nl\\values.xml",
                    "position": {
                        "startLine": 21,
                        "startColumn": 4,
                        "startOffset": 3154,
                        "endColumn": 173,
                        "endOffset": 3323
                    }
                }
            },
            {
                "to": {
                    "startLine": 39,
                    "startColumn": 4,
                    "startOffset": 5087,
                    "endColumn": 123,
                    "endOffset": 5206
                },
                "from": {
                    "file": "C:\\Users\\VIJAY\\.android\\build-cache\\fe541dc57c9d228369ed2110591b9ddf40b761e0\\output\\res\\values-nl\\values.xml",
                    "position": {
                        "startLine": 22,
                        "startColumn": 4,
                        "startOffset": 3328,
                        "endColumn": 123,
                        "endOffset": 3447
                    }
                }
            },
            {
                "to": {
                    "startLine": 40,
                    "startColumn": 4,
                    "startOffset": 5211,
                    "endColumn": 266,
                    "endOffset": 5473
                },
                "from": {
                    "file": "C:\\Users\\VIJAY\\.android\\build-cache\\3b3c45be01e6a89b22f090b73baf1df367750cf0\\output\\res\\values-nl\\values.xml",
                    "position": {
                        "startLine": 4,
                        "startColumn": 4,
                        "startOffset": 325,
                        "endColumn": 266,
                        "endOffset": 587
                    }
                }
            },
            {
                "to": {
                    "startLine": 41,
                    "startColumn": 4,
                    "startOffset": 5478,
                    "endColumn": 266,
                    "endOffset": 5740
                },
                "from": {
                    "file": "C:\\Users\\VIJAY\\.android\\build-cache\\fe541dc57c9d228369ed2110591b9ddf40b761e0\\output\\res\\values-nl\\values.xml",
                    "position": {
                        "startLine": 23,
                        "startColumn": 4,
                        "startOffset": 3452,
                        "endColumn": 266,
                        "endOffset": 3714
                    }
                }
            },
            {
                "to": {
                    "startLine": 42,
                    "startColumn": 4,
                    "startOffset": 5745,
                    "endColumn": 123,
                    "endOffset": 5864
                },
                "from": {
                    "file": "C:\\Users\\VIJAY\\.android\\build-cache\\fe541dc57c9d228369ed2110591b9ddf40b761e0\\output\\res\\values-nl\\values.xml",
                    "position": {
                        "startLine": 24,
                        "startColumn": 4,
                        "startOffset": 3719,
                        "endColumn": 123,
                        "endOffset": 3838
                    }
                }
            },
            {
                "to": {
                    "startLine": 43,
                    "startColumn": 4,
                    "startOffset": 5869,
                    "endColumn": 107,
                    "endOffset": 5972
                },
                "from": {
                    "file": "C:\\Users\\VIJAY\\.android\\build-cache\\fe541dc57c9d228369ed2110591b9ddf40b761e0\\output\\res\\values-nl\\values.xml",
                    "position": {
                        "startLine": 25,
                        "startColumn": 4,
                        "startOffset": 3843,
                        "endColumn": 107,
                        "endOffset": 3946
                    }
                }
            },
            {
                "to": {
                    "startLine": 44,
                    "startColumn": 4,
                    "startOffset": 5977,
                    "endColumn": 199,
                    "endOffset": 6172
                },
                "from": {
                    "file": "C:\\Users\\VIJAY\\.android\\build-cache\\fe541dc57c9d228369ed2110591b9ddf40b761e0\\output\\res\\values-nl\\values.xml",
                    "position": {
                        "startLine": 26,
                        "startColumn": 4,
                        "startOffset": 3951,
                        "endColumn": 199,
                        "endOffset": 4146
                    }
                }
            },
            {
                "to": {
                    "startLine": 45,
                    "startColumn": 4,
                    "startOffset": 6177,
                    "endColumn": 127,
                    "endOffset": 6300
                },
                "from": {
                    "file": "C:\\Users\\VIJAY\\.android\\build-cache\\fe541dc57c9d228369ed2110591b9ddf40b761e0\\output\\res\\values-nl\\values.xml",
                    "position": {
                        "startLine": 27,
                        "startColumn": 4,
                        "startOffset": 4151,
                        "endColumn": 127,
                        "endOffset": 4274
                    }
                }
            },
            {
                "to": {
                    "startLine": 46,
                    "startColumn": 4,
                    "startOffset": 6305,
                    "endColumn": 221,
                    "endOffset": 6522
                },
                "from": {
                    "file": "C:\\Users\\VIJAY\\.android\\build-cache\\fe541dc57c9d228369ed2110591b9ddf40b761e0\\output\\res\\values-nl\\values.xml",
                    "position": {
                        "startLine": 28,
                        "startColumn": 4,
                        "startOffset": 4279,
                        "endColumn": 221,
                        "endOffset": 4496
                    }
                }
            },
            {
                "to": {
                    "startLine": 47,
                    "startColumn": 4,
                    "startOffset": 6527,
                    "endColumn": 138,
                    "endOffset": 6661
                },
                "from": {
                    "file": "C:\\Users\\VIJAY\\.android\\build-cache\\fe541dc57c9d228369ed2110591b9ddf40b761e0\\output\\res\\values-nl\\values.xml",
                    "position": {
                        "startLine": 29,
                        "startColumn": 4,
                        "startOffset": 4501,
                        "endColumn": 138,
                        "endOffset": 4635
                    }
                }
            },
            {
                "to": {
                    "startLine": 48,
                    "startColumn": 4,
                    "startOffset": 6666,
                    "endColumn": 211,
                    "endOffset": 6873
                },
                "from": {
                    "file": "C:\\Users\\VIJAY\\.android\\build-cache\\fe541dc57c9d228369ed2110591b9ddf40b761e0\\output\\res\\values-nl\\values.xml",
                    "position": {
                        "startLine": 30,
                        "startColumn": 4,
                        "startOffset": 4640,
                        "endColumn": 211,
                        "endOffset": 4847
                    }
                }
            },
            {
                "to": {
                    "startLine": 49,
                    "startColumn": 4,
                    "startOffset": 6878,
                    "endColumn": 97,
                    "endOffset": 6971
                },
                "from": {
                    "file": "C:\\Users\\VIJAY\\.android\\build-cache\\fe541dc57c9d228369ed2110591b9ddf40b761e0\\output\\res\\values-nl\\values.xml",
                    "position": {
                        "startLine": 31,
                        "startColumn": 4,
                        "startOffset": 4852,
                        "endColumn": 97,
                        "endOffset": 4945
                    }
                }
            },
            {
                "to": {
                    "startLine": 50,
                    "startColumn": 4,
                    "startOffset": 6976,
                    "endColumn": 92,
                    "endOffset": 7064
                },
                "from": {
                    "file": "C:\\Users\\VIJAY\\.android\\build-cache\\fe541dc57c9d228369ed2110591b9ddf40b761e0\\output\\res\\values-nl\\values.xml",
                    "position": {
                        "startLine": 32,
                        "startColumn": 4,
                        "startOffset": 4950,
                        "endColumn": 92,
                        "endOffset": 5038
                    }
                }
            },
            {
                "to": {
                    "startLine": 51,
                    "startColumn": 4,
                    "startOffset": 7069,
                    "endColumn": 107,
                    "endOffset": 7172
                },
                "from": {
                    "file": "C:\\Users\\VIJAY\\.android\\build-cache\\fe541dc57c9d228369ed2110591b9ddf40b761e0\\output\\res\\values-nl\\values.xml",
                    "position": {
                        "startLine": 33,
                        "startColumn": 4,
                        "startOffset": 5043,
                        "endColumn": 107,
                        "endOffset": 5146
                    }
                }
            },
            {
                "to": {
                    "startLine": 52,
                    "startColumn": 4,
                    "startOffset": 7177,
                    "endColumn": 106,
                    "endOffset": 7279
                },
                "from": {
                    "file": "C:\\Users\\VIJAY\\.android\\build-cache\\a2b3d40b12d9610bee7ce2deaedc414c5fd6b5b0\\output\\res\\values-nl\\values-nl.xml",
                    "position": {
                        "startLine": 4,
                        "startColumn": 4,
                        "startOffset": 278,
                        "endColumn": 106,
                        "endOffset": 380
                    }
                }
            },
            {
                "to": {
                    "startLine": 53,
                    "startColumn": 4,
                    "startOffset": 7284,
                    "endColumn": 113,
                    "endOffset": 7393
                },
                "from": {
                    "file": "C:\\Users\\VIJAY\\.android\\build-cache\\a2b3d40b12d9610bee7ce2deaedc414c5fd6b5b0\\output\\res\\values-nl\\values-nl.xml",
                    "position": {
                        "startLine": 5,
                        "startColumn": 4,
                        "startOffset": 385,
                        "endColumn": 113,
                        "endOffset": 494
                    }
                }
            },
            {
                "to": {
                    "startLine": 54,
                    "startColumn": 4,
                    "startOffset": 7398,
                    "endColumn": 116,
                    "endOffset": 7510
                },
                "from": {
                    "file": "C:\\Users\\VIJAY\\.android\\build-cache\\a2b3d40b12d9610bee7ce2deaedc414c5fd6b5b0\\output\\res\\values-nl\\values-nl.xml",
                    "position": {
                        "startLine": 6,
                        "startColumn": 4,
                        "startOffset": 499,
                        "endColumn": 116,
                        "endOffset": 611
                    }
                }
            },
            {
                "to": {
                    "startLine": 55,
                    "startColumn": 4,
                    "startOffset": 7515,
                    "endColumn": 114,
                    "endOffset": 7625
                },
                "from": {
                    "file": "C:\\Users\\VIJAY\\.android\\build-cache\\a2b3d40b12d9610bee7ce2deaedc414c5fd6b5b0\\output\\res\\values-nl\\values-nl.xml",
                    "position": {
                        "startLine": 7,
                        "startColumn": 4,
                        "startOffset": 616,
                        "endColumn": 114,
                        "endOffset": 726
                    }
                }
            },
            {
                "to": {
                    "startLine": 56,
                    "startColumn": 4,
                    "startOffset": 7630,
                    "endColumn": 129,
                    "endOffset": 7755
                },
                "from": {
                    "file": "C:\\Users\\VIJAY\\.android\\build-cache\\a2b3d40b12d9610bee7ce2deaedc414c5fd6b5b0\\output\\res\\values-nl\\values-nl.xml",
                    "position": {
                        "startLine": 8,
                        "startColumn": 4,
                        "startOffset": 731,
                        "endColumn": 129,
                        "endOffset": 856
                    }
                }
            },
            {
                "to": {
                    "startLine": 57,
                    "startColumn": 4,
                    "startOffset": 7760,
                    "endColumn": 101,
                    "endOffset": 7857
                },
                "from": {
                    "file": "C:\\Users\\VIJAY\\.android\\build-cache\\a2b3d40b12d9610bee7ce2deaedc414c5fd6b5b0\\output\\res\\values-nl\\values-nl.xml",
                    "position": {
                        "startLine": 9,
                        "startColumn": 4,
                        "startOffset": 861,
                        "endColumn": 101,
                        "endOffset": 958
                    }
                }
            },
            {
                "to": {
                    "startLine": 58,
                    "startColumn": 4,
                    "startOffset": 7862,
                    "endColumn": 97,
                    "endOffset": 7955
                },
                "from": {
                    "file": "C:\\Users\\VIJAY\\.android\\build-cache\\a2b3d40b12d9610bee7ce2deaedc414c5fd6b5b0\\output\\res\\values-nl\\values-nl.xml",
                    "position": {
                        "startLine": 10,
                        "startColumn": 4,
                        "startOffset": 963,
                        "endColumn": 97,
                        "endOffset": 1056
                    }
                }
            },
            {
                "to": {
                    "startLine": 59,
                    "startColumn": 4,
                    "startOffset": 7960,
                    "endColumn": 122,
                    "endOffset": 8078
                },
                "from": {
                    "file": "C:\\Users\\VIJAY\\.android\\build-cache\\a2b3d40b12d9610bee7ce2deaedc414c5fd6b5b0\\output\\res\\values-nl\\values-nl.xml",
                    "position": {
                        "startLine": 11,
                        "startColumn": 4,
                        "startOffset": 1061,
                        "endColumn": 122,
                        "endOffset": 1179
                    }
                }
            },
            {
                "to": {
                    "startLine": 60,
                    "startColumn": 4,
                    "startOffset": 8083,
                    "endColumn": 103,
                    "endOffset": 8182
                },
                "from": {
                    "file": "C:\\Users\\VIJAY\\.android\\build-cache\\a2b3d40b12d9610bee7ce2deaedc414c5fd6b5b0\\output\\res\\values-nl\\values-nl.xml",
                    "position": {
                        "startLine": 12,
                        "startColumn": 4,
                        "startOffset": 1184,
                        "endColumn": 103,
                        "endOffset": 1283
                    }
                }
            },
            {
                "to": {
                    "startLine": 61,
                    "startColumn": 4,
                    "startOffset": 8187,
                    "endColumn": 86,
                    "endOffset": 8269
                },
                "from": {
                    "file": "C:\\Users\\VIJAY\\.android\\build-cache\\a2b3d40b12d9610bee7ce2deaedc414c5fd6b5b0\\output\\res\\values-nl\\values-nl.xml",
                    "position": {
                        "startLine": 13,
                        "startColumn": 4,
                        "startOffset": 1288,
                        "endColumn": 86,
                        "endOffset": 1370
                    }
                }
            },
            {
                "to": {
                    "startLine": 62,
                    "startColumn": 4,
                    "startOffset": 8274,
                    "endColumn": 95,
                    "endOffset": 8365
                },
                "from": {
                    "file": "C:\\Users\\VIJAY\\.android\\build-cache\\a2b3d40b12d9610bee7ce2deaedc414c5fd6b5b0\\output\\res\\values-nl\\values-nl.xml",
                    "position": {
                        "startLine": 14,
                        "startColumn": 4,
                        "startOffset": 1375,
                        "endColumn": 95,
                        "endOffset": 1466
                    }
                }
            },
            {
                "to": {
                    "startLine": 63,
                    "startColumn": 4,
                    "startOffset": 8370,
                    "endColumn": 109,
                    "endOffset": 8475
                },
                "from": {
                    "file": "C:\\Users\\VIJAY\\.android\\build-cache\\fe59ef60328d1e68be970eb7f16fd43f4c6027ee\\output\\res\\values-nl\\values.xml",
                    "position": {
                        "startLine": 4,
                        "startColumn": 4,
                        "startOffset": 275,
                        "endColumn": 109,
                        "endOffset": 380
                    }
                }
            },
            {
                "to": {
                    "startLine": 64,
                    "startColumn": 4,
                    "startOffset": 8480,
                    "endColumn": 95,
                    "endOffset": 8571
                },
                "from": {
                    "file": "C:\\Users\\VIJAY\\.android\\build-cache\\fe59ef60328d1e68be970eb7f16fd43f4c6027ee\\output\\res\\values-nl\\values.xml",
                    "position": {
                        "startLine": 5,
                        "startColumn": 4,
                        "startOffset": 385,
                        "endColumn": 95,
                        "endOffset": 476
                    }
                }
            },
            {
                "to": {
                    "startLine": 65,
                    "startColumn": 4,
                    "startOffset": 8576,
                    "endColumn": 81,
                    "endOffset": 8653
                },
                "from": {
                    "file": "C:\\Users\\VIJAY\\.android\\build-cache\\95f3ac9d8d29c858841e3e7390a95721f395d906\\output\\res\\values-nl\\values-nl.xml",
                    "position": {
                        "startLine": 21,
                        "startColumn": 4,
                        "startOffset": 2032,
                        "endColumn": 81,
                        "endOffset": 2109
                    }
                }
            },
            {
                "to": {
                    "startLine": 66,
                    "startColumn": 4,
                    "startOffset": 8658,
                    "endColumn": 100,
                    "endOffset": 8754
                },
                "from": {
                    "file": "C:\\Users\\VIJAY\\.android\\build-cache\\95f3ac9d8d29c858841e3e7390a95721f395d906\\output\\res\\values-nl\\values-nl.xml",
                    "position": {
                        "startLine": 22,
                        "startColumn": 4,
                        "startOffset": 2114,
                        "endColumn": 100,
                        "endOffset": 2210
                    }
                }
            }
        ]
    }
]