[
    {
        "merged": "E:\\Android Studio\\Call recorders\\asfak\\CallRecorder\\app\\build\\intermediates\\res\\merged\\debug\\anim\\design_bottom_sheet_slide_out.xml",
        "source": "C:\\Users\\ADMIN\\.android\\build-cache\\42137ea5db3e93d1838df82bf697d8673de183db\\output\\res\\anim\\design_bottom_sheet_slide_out.xml"
    },
    {
        "merged": "E:\\Android Studio\\Call recorders\\asfak\\CallRecorder\\app\\build\\intermediates\\res\\merged\\debug\\anim\\abc_fade_out.xml",
        "source": "C:\\Users\\ADMIN\\.android\\build-cache\\95f3ac9d8d29c858841e3e7390a95721f395d906\\output\\res\\anim\\abc_fade_out.xml"
    },
    {
        "merged": "E:\\Android Studio\\Call recorders\\asfak\\CallRecorder\\app\\build\\intermediates\\res\\merged\\debug\\anim\\abc_grow_fade_in_from_bottom.xml",
        "source": "C:\\Users\\ADMIN\\.android\\build-cache\\95f3ac9d8d29c858841e3e7390a95721f395d906\\output\\res\\anim\\abc_grow_fade_in_from_bottom.xml"
    },
    {
        "merged": "D:\\Project Work\\Call recorder\\CallRecorder\\app\\build\\intermediates\\res\\merged\\debug\\anim\\abc_popup_enter.xml",
        "source": "C:\\Users\\VIJAY\\.android\\build-cache\\95f3ac9d8d29c858841e3e7390a95721f395d906\\output\\res\\anim\\abc_popup_enter.xml"
    },
    {
        "merged": "E:\\Android Studio\\Call recorders\\asfak\\CallRecorder\\app\\build\\intermediates\\res\\merged\\debug\\anim\\design_snackbar_out.xml",
        "source": "C:\\Users\\ADMIN\\.android\\build-cache\\42137ea5db3e93d1838df82bf697d8673de183db\\output\\res\\anim\\design_snackbar_out.xml"
    },
    {
        "merged": "D:\\Project Work\\Call recorder\\CallRecorder\\app\\build\\intermediates\\res\\merged\\debug\\anim\\abc_popup_exit.xml",
        "source": "C:\\Users\\VIJAY\\.android\\build-cache\\95f3ac9d8d29c858841e3e7390a95721f395d906\\output\\res\\anim\\abc_popup_exit.xml"
    },
    {
        "merged": "D:\\Project Work\\Call recorder\\CallRecorder\\app\\build\\intermediates\\res\\merged\\debug\\anim\\abc_slide_out_bottom.xml",
        "source": "C:\\Users\\VIJAY\\.android\\build-cache\\95f3ac9d8d29c858841e3e7390a95721f395d906\\output\\res\\anim\\abc_slide_out_bottom.xml"
    },
    {
        "merged": "E:\\Android Studio\\Call recorders\\asfak\\CallRecorder\\app\\build\\intermediates\\res\\merged\\debug\\anim\\design_snackbar_in.xml",
        "source": "C:\\Users\\ADMIN\\.android\\build-cache\\42137ea5db3e93d1838df82bf697d8673de183db\\output\\res\\anim\\design_snackbar_in.xml"
    },
    {
        "merged": "D:\\Project Work\\Call recorder\\CallRecorder\\app\\build\\intermediates\\res\\merged\\debug\\anim\\abc_fade_in.xml",
        "source": "C:\\Users\\VIJAY\\.android\\build-cache\\95f3ac9d8d29c858841e3e7390a95721f395d906\\output\\res\\anim\\abc_fade_in.xml"
    },
    {
        "merged": "E:\\Android Studio\\Call recorders\\asfak\\CallRecorder\\app\\build\\intermediates\\res\\merged\\debug\\anim\\design_bottom_sheet_slide_in.xml",
        "source": "C:\\Users\\ADMIN\\.android\\build-cache\\42137ea5db3e93d1838df82bf697d8673de183db\\output\\res\\anim\\design_bottom_sheet_slide_in.xml"
    },
    {
        "merged": "D:\\Project Work\\Call recorder\\CallRecorder\\app\\build\\intermediates\\res\\merged\\debug\\anim\\design_bottom_sheet_slide_out.xml",
        "source": "C:\\Users\\VIJAY\\.android\\build-cache\\42137ea5db3e93d1838df82bf697d8673de183db\\output\\res\\anim\\design_bottom_sheet_slide_out.xml"
    },
    {
        "merged": "E:\\Android Studio\\Call recorders\\asfak\\CallRecorder\\app\\build\\intermediates\\res\\merged\\debug\\anim\\abc_fade_in.xml",
        "source": "C:\\Users\\ADMIN\\.android\\build-cache\\95f3ac9d8d29c858841e3e7390a95721f395d906\\output\\res\\anim\\abc_fade_in.xml"
    },
    {
        "merged": "D:\\Project Work\\Call recorder\\CallRecorder\\app\\build\\intermediates\\res\\merged\\debug\\anim\\design_bottom_sheet_slide_in.xml",
        "source": "C:\\Users\\VIJAY\\.android\\build-cache\\42137ea5db3e93d1838df82bf697d8673de183db\\output\\res\\anim\\design_bottom_sheet_slide_in.xml"
    },
    {
        "merged": "E:\\Android Studio\\Call recorders\\asfak\\CallRecorder\\app\\build\\intermediates\\res\\merged\\debug\\anim\\abc_shrink_fade_out_from_bottom.xml",
        "source": "C:\\Users\\ADMIN\\.android\\build-cache\\95f3ac9d8d29c858841e3e7390a95721f395d906\\output\\res\\anim\\abc_shrink_fade_out_from_bottom.xml"
    },
    {
        "merged": "E:\\Android Studio\\Call recorders\\asfak\\CallRecorder\\app\\build\\intermediates\\res\\merged\\debug\\anim\\design_fab_in.xml",
        "source": "C:\\Users\\ADMIN\\.android\\build-cache\\42137ea5db3e93d1838df82bf697d8673de183db\\output\\res\\anim\\design_fab_in.xml"
    },
    {
        "merged": "E:\\Android Studio\\Call recorders\\asfak\\CallRecorder\\app\\build\\intermediates\\res\\merged\\debug\\anim\\abc_slide_out_top.xml",
        "source": "C:\\Users\\ADMIN\\.android\\build-cache\\95f3ac9d8d29c858841e3e7390a95721f395d906\\output\\res\\anim\\abc_slide_out_top.xml"
    },
    {
        "merged": "E:\\Android Studio\\Call recorders\\asfak\\CallRecorder\\app\\build\\intermediates\\res\\merged\\debug\\anim\\abc_slide_in_bottom.xml",
        "source": "C:\\Users\\ADMIN\\.android\\build-cache\\95f3ac9d8d29c858841e3e7390a95721f395d906\\output\\res\\anim\\abc_slide_in_bottom.xml"
    },
    {
        "merged": "D:\\Project Work\\Call recorder\\CallRecorder\\app\\build\\intermediates\\res\\merged\\debug\\anim\\abc_fade_out.xml",
        "source": "C:\\Users\\VIJAY\\.android\\build-cache\\95f3ac9d8d29c858841e3e7390a95721f395d906\\output\\res\\anim\\abc_fade_out.xml"
    },
    {
        "merged": "D:\\Project Work\\Call recorder\\CallRecorder\\app\\build\\intermediates\\res\\merged\\debug\\anim\\design_fab_in.xml",
        "source": "C:\\Users\\VIJAY\\.android\\build-cache\\42137ea5db3e93d1838df82bf697d8673de183db\\output\\res\\anim\\design_fab_in.xml"
    },
    {
        "merged": "D:\\Project Work\\Call recorder\\CallRecorder\\app\\build\\intermediates\\res\\merged\\debug\\anim\\abc_slide_out_top.xml",
        "source": "C:\\Users\\VIJAY\\.android\\build-cache\\95f3ac9d8d29c858841e3e7390a95721f395d906\\output\\res\\anim\\abc_slide_out_top.xml"
    },
    {
        "merged": "E:\\Android Studio\\Call recorders\\asfak\\CallRecorder\\app\\build\\intermediates\\res\\merged\\debug\\anim\\design_fab_out.xml",
        "source": "C:\\Users\\ADMIN\\.android\\build-cache\\42137ea5db3e93d1838df82bf697d8673de183db\\output\\res\\anim\\design_fab_out.xml"
    },
    {
        "merged": "D:\\Project Work\\Call recorder\\CallRecorder\\app\\build\\intermediates\\res\\merged\\debug\\anim\\design_snackbar_out.xml",
        "source": "C:\\Users\\VIJAY\\.android\\build-cache\\42137ea5db3e93d1838df82bf697d8673de183db\\output\\res\\anim\\design_snackbar_out.xml"
    },
    {
        "merged": "E:\\Android Studio\\Call recorders\\asfak\\CallRecorder\\app\\build\\intermediates\\res\\merged\\debug\\anim\\abc_popup_exit.xml",
        "source": "C:\\Users\\ADMIN\\.android\\build-cache\\95f3ac9d8d29c858841e3e7390a95721f395d906\\output\\res\\anim\\abc_popup_exit.xml"
    },
    {
        "merged": "D:\\Project Work\\Call recorder\\CallRecorder\\app\\build\\intermediates\\res\\merged\\debug\\anim\\design_fab_out.xml",
        "source": "C:\\Users\\VIJAY\\.android\\build-cache\\42137ea5db3e93d1838df82bf697d8673de183db\\output\\res\\anim\\design_fab_out.xml"
    },
    {
        "merged": "E:\\Android Studio\\Call recorders\\asfak\\CallRecorder\\app\\build\\intermediates\\res\\merged\\debug\\anim\\abc_popup_enter.xml",
        "source": "C:\\Users\\ADMIN\\.android\\build-cache\\95f3ac9d8d29c858841e3e7390a95721f395d906\\output\\res\\anim\\abc_popup_enter.xml"
    },
    {
        "merged": "D:\\Project Work\\Call recorder\\CallRecorder\\app\\build\\intermediates\\res\\merged\\debug\\anim\\abc_slide_in_top.xml",
        "source": "C:\\Users\\VIJAY\\.android\\build-cache\\95f3ac9d8d29c858841e3e7390a95721f395d906\\output\\res\\anim\\abc_slide_in_top.xml"
    },
    {
        "merged": "E:\\Android Studio\\Call recorders\\asfak\\CallRecorder\\app\\build\\intermediates\\res\\merged\\debug\\anim\\abc_slide_out_bottom.xml",
        "source": "C:\\Users\\ADMIN\\.android\\build-cache\\95f3ac9d8d29c858841e3e7390a95721f395d906\\output\\res\\anim\\abc_slide_out_bottom.xml"
    },
    {
        "merged": "D:\\Project Work\\Call recorder\\CallRecorder\\app\\build\\intermediates\\res\\merged\\debug\\anim\\design_snackbar_in.xml",
        "source": "C:\\Users\\VIJAY\\.android\\build-cache\\42137ea5db3e93d1838df82bf697d8673de183db\\output\\res\\anim\\design_snackbar_in.xml"
    },
    {
        "merged": "D:\\Project Work\\Call recorder\\CallRecorder\\app\\build\\intermediates\\res\\merged\\debug\\anim\\abc_slide_in_bottom.xml",
        "source": "C:\\Users\\VIJAY\\.android\\build-cache\\95f3ac9d8d29c858841e3e7390a95721f395d906\\output\\res\\anim\\abc_slide_in_bottom.xml"
    },
    {
        "merged": "D:\\Project Work\\Call recorder\\CallRecorder\\app\\build\\intermediates\\res\\merged\\debug\\anim\\abc_shrink_fade_out_from_bottom.xml",
        "source": "C:\\Users\\VIJAY\\.android\\build-cache\\95f3ac9d8d29c858841e3e7390a95721f395d906\\output\\res\\anim\\abc_shrink_fade_out_from_bottom.xml"
    },
    {
        "merged": "E:\\Android Studio\\Call recorders\\asfak\\CallRecorder\\app\\build\\intermediates\\res\\merged\\debug\\anim\\abc_slide_in_top.xml",
        "source": "C:\\Users\\ADMIN\\.android\\build-cache\\95f3ac9d8d29c858841e3e7390a95721f395d906\\output\\res\\anim\\abc_slide_in_top.xml"
    },
    {
        "merged": "D:\\Project Work\\Call recorder\\CallRecorder\\app\\build\\intermediates\\res\\merged\\debug\\anim\\abc_grow_fade_in_from_bottom.xml",
        "source": "C:\\Users\\VIJAY\\.android\\build-cache\\95f3ac9d8d29c858841e3e7390a95721f395d906\\output\\res\\anim\\abc_grow_fade_in_from_bottom.xml"
    }
]