[
    {
        "merged": "D:\\Project Work\\Call recorder\\CallRecorder\\app\\build\\intermediates\\res\\merged\\debug\\color-v11\\abc_background_cache_hint_selector_material_dark.xml",
        "source": "C:\\Users\\VIJAY\\.android\\build-cache\\95f3ac9d8d29c858841e3e7390a95721f395d906\\output\\res\\color-v11\\abc_background_cache_hint_selector_material_dark.xml"
    },
    {
        "merged": "E:\\Android Studio\\Call recorders\\asfak\\CallRecorder\\app\\build\\intermediates\\res\\merged\\debug\\color-v11\\abc_background_cache_hint_selector_material_light.xml",
        "source": "C:\\Users\\ADMIN\\.android\\build-cache\\95f3ac9d8d29c858841e3e7390a95721f395d906\\output\\res\\color-v11\\abc_background_cache_hint_selector_material_light.xml"
    },
    {
        "merged": "D:\\Project Work\\Call recorder\\CallRecorder\\app\\build\\intermediates\\res\\merged\\debug\\color-v11\\abc_background_cache_hint_selector_material_light.xml",
        "source": "C:\\Users\\VIJAY\\.android\\build-cache\\95f3ac9d8d29c858841e3e7390a95721f395d906\\output\\res\\color-v11\\abc_background_cache_hint_selector_material_light.xml"
    },
    {
        "merged": "E:\\Android Studio\\Call recorders\\asfak\\CallRecorder\\app\\build\\intermediates\\res\\merged\\debug\\color-v11\\abc_background_cache_hint_selector_material_dark.xml",
        "source": "C:\\Users\\ADMIN\\.android\\build-cache\\95f3ac9d8d29c858841e3e7390a95721f395d906\\output\\res\\color-v11\\abc_background_cache_hint_selector_material_dark.xml"
    }
]