[
    {
        "merged": "E:\\Android Studio\\Call recorders\\asfak\\CallRecorder\\app\\build\\intermediates\\res\\merged\\debug\\drawable-v21\\ic_menu_manage.xml",
        "source": "E:\\Android Studio\\Call recorders\\asfak\\CallRecorder\\app\\src\\main\\res\\drawable-v21\\ic_menu_manage.xml"
    },
    {
        "merged": "E:\\Android Studio\\Call recorders\\asfak\\CallRecorder\\app\\build\\intermediates\\res\\merged\\debug\\drawable-v21\\drop_box.jpg",
        "source": "E:\\Android Studio\\Call recorders\\asfak\\CallRecorder\\app\\src\\main\\res\\drawable-v21\\drop_box.jpg"
    },
    {
        "merged": "D:\\Project Work\\Call recorder\\CallRecorder\\app\\build\\intermediates\\res\\merged\\debug\\drawable-v21\\ic_menu_slideshow.xml",
        "source": "D:\\Project Work\\Call recorder\\CallRecorder\\app\\src\\main\\res\\drawable-v21\\ic_menu_slideshow.xml"
    },
    {
        "merged": "E:\\Android Studio\\Call recorders\\asfak\\CallRecorder\\app\\build\\intermediates\\res\\merged\\debug\\drawable-v21\\ic_menu_camera.xml",
        "source": "E:\\Android Studio\\Call recorders\\asfak\\CallRecorder\\app\\src\\main\\res\\drawable-v21\\ic_menu_camera.xml"
    },
    {
        "merged": "D:\\Project Work\\Call recorder\\CallRecorder\\app\\build\\intermediates\\res\\merged\\debug\\drawable-v21\\drive.png",
        "source": "D:\\Project Work\\Call recorder\\CallRecorder\\app\\src\\main\\res\\drawable-v21\\drive.png"
    },
    {
        "merged": "E:\\Android Studio\\Call recorders\\asfak\\CallRecorder\\app\\build\\intermediates\\res\\merged\\debug\\drawable-v21\\abc_edit_text_material.xml",
        "source": "C:\\Users\\ADMIN\\.android\\build-cache\\95f3ac9d8d29c858841e3e7390a95721f395d906\\output\\res\\drawable-v21\\abc_edit_text_material.xml"
    },
    {
        "merged": "E:\\Android Studio\\Call recorders\\asfak\\CallRecorder\\app\\build\\intermediates\\res\\merged\\debug\\drawable-v21\\ic_menu_send.xml",
        "source": "E:\\Android Studio\\Call recorders\\asfak\\CallRecorder\\app\\src\\main\\res\\drawable-v21\\ic_menu_send.xml"
    },
    {
        "merged": "E:\\Android Studio\\Call recorders\\asfak\\CallRecorder\\app\\build\\intermediates\\res\\merged\\debug\\drawable-v21\\drive.png",
        "source": "E:\\Android Studio\\Call recorders\\asfak\\CallRecorder\\app\\src\\main\\res\\drawable-v21\\drive.png"
    },
    {
        "merged": "D:\\Project Work\\Call recorder\\CallRecorder\\app\\build\\intermediates\\res\\merged\\debug\\drawable-v21\\ic_menu_share.xml",
        "source": "D:\\Project Work\\Call recorder\\CallRecorder\\app\\src\\main\\res\\drawable-v21\\ic_menu_share.xml"
    },
    {
        "merged": "D:\\Project Work\\Call recorder\\CallRecorder\\app\\build\\intermediates\\res\\merged\\debug\\drawable-v21\\drop_box.jpg",
        "source": "D:\\Project Work\\Call recorder\\CallRecorder\\app\\src\\main\\res\\drawable-v21\\drop_box.jpg"
    },
    {
        "merged": "E:\\Android Studio\\Call recorders\\asfak\\CallRecorder\\app\\build\\intermediates\\res\\merged\\debug\\drawable-v21\\ic_menu_gallery.xml",
        "source": "E:\\Android Studio\\Call recorders\\asfak\\CallRecorder\\app\\src\\main\\res\\drawable-v21\\ic_menu_gallery.xml"
    },
    {
        "merged": "D:\\Project Work\\Call recorder\\CallRecorder\\app\\build\\intermediates\\res\\merged\\debug\\drawable-v21\\ic_menu_send.xml",
        "source": "D:\\Project Work\\Call recorder\\CallRecorder\\app\\src\\main\\res\\drawable-v21\\ic_menu_send.xml"
    },
    {
        "merged": "D:\\Project Work\\Call recorder\\CallRecorder\\app\\build\\intermediates\\res\\merged\\debug\\drawable-v21\\abc_btn_colored_material.xml",
        "source": "C:\\Users\\VIJAY\\.android\\build-cache\\95f3ac9d8d29c858841e3e7390a95721f395d906\\output\\res\\drawable-v21\\abc_btn_colored_material.xml"
    },
    {
        "merged": "D:\\Project Work\\Call recorder\\CallRecorder\\app\\build\\intermediates\\res\\merged\\debug\\drawable-v21\\abc_edit_text_material.xml",
        "source": "C:\\Users\\VIJAY\\.android\\build-cache\\95f3ac9d8d29c858841e3e7390a95721f395d906\\output\\res\\drawable-v21\\abc_edit_text_material.xml"
    },
    {
        "merged": "E:\\Android Studio\\Call recorders\\asfak\\CallRecorder\\app\\build\\intermediates\\res\\merged\\debug\\drawable-v21\\abc_btn_colored_material.xml",
        "source": "C:\\Users\\ADMIN\\.android\\build-cache\\95f3ac9d8d29c858841e3e7390a95721f395d906\\output\\res\\drawable-v21\\abc_btn_colored_material.xml"
    },
    {
        "merged": "E:\\Android Studio\\Call recorders\\asfak\\CallRecorder\\app\\build\\intermediates\\res\\merged\\debug\\drawable-v21\\abc_action_bar_item_background_material.xml",
        "source": "C:\\Users\\ADMIN\\.android\\build-cache\\95f3ac9d8d29c858841e3e7390a95721f395d906\\output\\res\\drawable-v21\\abc_action_bar_item_background_material.xml"
    },
    {
        "merged": "D:\\Project Work\\Call recorder\\CallRecorder\\app\\build\\intermediates\\res\\merged\\debug\\drawable-v21\\ic_menu_camera.xml",
        "source": "D:\\Project Work\\Call recorder\\CallRecorder\\app\\src\\main\\res\\drawable-v21\\ic_menu_camera.xml"
    },
    {
        "merged": "D:\\Project Work\\Call recorder\\CallRecorder\\app\\build\\intermediates\\res\\merged\\debug\\drawable-v21\\abc_action_bar_item_background_material.xml",
        "source": "C:\\Users\\VIJAY\\.android\\build-cache\\95f3ac9d8d29c858841e3e7390a95721f395d906\\output\\res\\drawable-v21\\abc_action_bar_item_background_material.xml"
    },
    {
        "merged": "D:\\Project Work\\Call recorder\\CallRecorder\\app\\build\\intermediates\\res\\merged\\debug\\drawable-v21\\ic_menu_manage.xml",
        "source": "D:\\Project Work\\Call recorder\\CallRecorder\\app\\src\\main\\res\\drawable-v21\\ic_menu_manage.xml"
    },
    {
        "merged": "E:\\Android Studio\\Call recorders\\asfak\\CallRecorder\\app\\build\\intermediates\\res\\merged\\debug\\drawable-v21\\ic_menu_slideshow.xml",
        "source": "E:\\Android Studio\\Call recorders\\asfak\\CallRecorder\\app\\src\\main\\res\\drawable-v21\\ic_menu_slideshow.xml"
    },
    {
        "merged": "D:\\Project Work\\Call recorder\\CallRecorder\\app\\build\\intermediates\\res\\merged\\debug\\drawable-v21\\ic_menu_gallery.xml",
        "source": "D:\\Project Work\\Call recorder\\CallRecorder\\app\\src\\main\\res\\drawable-v21\\ic_menu_gallery.xml"
    },
    {
        "merged": "E:\\Android Studio\\Call recorders\\asfak\\CallRecorder\\app\\build\\intermediates\\res\\merged\\debug\\drawable-v21\\ic_menu_share.xml",
        "source": "E:\\Android Studio\\Call recorders\\asfak\\CallRecorder\\app\\src\\main\\res\\drawable-v21\\ic_menu_share.xml"
    }
]